epoch,time,train/box_loss,train/cls_loss,train/dfl_loss,metrics/precision(B),metrics/recall(B),metrics/mAP50(B),metrics/mAP50-95(B),val/box_loss,val/cls_loss,val/dfl_loss,lr/pg0,lr/pg1,lr/pg2
1,5.07589,1.82105,3.0243,1.90372,0.00959,1,0.24666,0.13284,0.97232,2.95408,1.5113,1.667e-05,1.667e-05,1.667e-05
2,9.59007,1.66916,2.99857,1.70351,0.00985,1,0.28299,0.1214,0.94395,2.95135,1.45725,4.95149e-05,4.95149e-05,4.95149e-05
3,13.6426,1.50663,2.9058,1.54187,0.01005,1,0.1958,0.10824,0.87778,2.95986,1.40368,8.16997e-05,8.16997e-05,8.16997e-05
4,17.4596,1.39839,2.88636,1.56486,0.00985,1,0.28137,0.17077,0.93377,2.97782,1.44267,0.000113224,0.000113224,0.000113224
5,21.5232,1.32687,2.77194,1.51261,0.00951,1,0.45208,0.31303,0.92437,2.99534,1.45275,0.000144089,0.000144089,0.000144089
6,25.6747,1.28321,2.78432,1.50712,0.0095,1,0.42001,0.29704,0.97144,2.96264,1.45461,0.000174293,0.000174293,0.000174293
7,29.7706,1.37,2.72838,1.5749,0.0089,0.9,0.41466,0.28537,1.03057,2.97857,1.46286,0.000203837,0.000203837,0.000203837
8,33.8398,1.21136,2.51655,1.38268,0.00942,1,0.48022,0.31756,1.03532,2.94693,1.40823,0.000232722,0.000232722,0.000232722
9,37.9376,1.34083,2.49821,1.46558,0.00944,1,0.48074,0.31832,0.95234,2.93365,1.37808,0.000260946,0.000260946,0.000260946
10,41.9346,1.37697,2.46652,1.48693,0.00948,1,0.46159,0.33425,0.85029,2.91704,1.34512,0.000288509,0.000288509,0.000288509
11,45.8382,1.59541,2.52235,1.71333,0.00945,1,0.51156,0.3629,0.87929,2.90678,1.35267,0.000315413,0.000315413,0.000315413
12,49.8926,1.22927,2.28555,1.41347,0.00946,1,0.5014,0.33777,0.92865,2.90123,1.37372,0.000341657,0.000341657,0.000341657
13,53.7984,1.37262,2.46467,1.5707,0.00945,1,0.50332,0.32199,0.93887,2.88633,1.41533,0.00036724,0.00036724,0.00036724
14,57.6284,1.29105,2.24456,1.4513,0.00947,1,0.49087,0.3111,0.98714,2.8772,1.44057,0.000392163,0.000392163,0.000392163
15,61.7083,1.21551,2.18405,1.37293,0.00948,1,0.48796,0.34224,0.95586,2.87424,1.50166,0.000416427,0.000416427,0.000416427
16,65.5795,1.19774,2.19642,1.35833,0.00956,1,0.52047,0.38455,0.98209,2.82505,1.58361,0.00044003,0.00044003,0.00044003
17,69.625,1.24761,2.18003,1.44727,0.00953,1,0.57356,0.39224,0.94195,2.80128,1.62388,0.000462973,0.000462973,0.000462973
18,73.7772,1.33025,1.91337,1.4935,0.00959,1,0.4957,0.31109,1.00223,2.77579,1.67543,0.000485255,0.000485255,0.000485255
19,77.8916,1.21537,1.93514,1.45775,0.00949,1,0.50785,0.26438,1.30163,2.78823,1.87829,0.000506878,0.000506878,0.000506878
20,81.6786,1.23153,1.79358,1.42172,0.00945,1,0.44513,0.225,1.34271,2.82118,1.83611,0.000527841,0.000527841,0.000527841
21,85.7019,1.15314,1.74519,1.3647,0.48244,0.46997,0.46248,0.25999,1.35803,2.73848,1.76404,0.000548143,0.000548143,0.000548143
22,89.7334,1.20889,1.76558,1.39219,0.34366,0.18228,0.40812,0.22724,1.38489,2.76704,1.8354,0.000567785,0.000567785,0.000567785
23,93.7081,1.24891,1.60724,1.45195,0.30698,0.15556,0.35899,0.22027,1.35226,2.75173,1.81714,0.000586767,0.000586767,0.000586767
24,97.6953,1.19869,1.66242,1.34793,0.29546,0.35827,0.36784,0.21382,1.46482,2.73108,1.95854,0.000605089,0.000605089,0.000605089
25,101.476,1.15459,1.42318,1.42694,0.28644,0.15556,0.359,0.16644,1.60407,2.76392,2.1058,0.000622751,0.000622751,0.000622751
26,105.609,1.08184,1.52075,1.26297,0.40641,0.15556,0.32169,0.15322,1.61396,2.77443,2.1275,0.000639753,0.000639753,0.000639753
27,109.518,1.34883,1.61025,1.55257,0.63749,0.27969,0.4934,0.21332,1.64574,2.71131,2.16826,0.000656095,0.000656095,0.000656095
28,113.298,1.21712,1.36995,1.33825,0.63749,0.27969,0.4934,0.21332,1.64574,2.71131,2.16826,0.000671776,0.000671776,0.000671776
29,117.381,1.23867,1.60912,1.5084,0.42476,0.28993,0.53782,0.25692,1.51314,2.59081,2.14472,0.000686797,0.000686797,0.000686797
30,121.555,1.07362,1.36773,1.21622,0.48159,0.42222,0.49768,0.22651,1.45488,2.49892,2.08683,0.000701159,0.000701159,0.000701159
31,125.582,1.15315,1.37549,1.3488,0.48159,0.42222,0.49768,0.22651,1.45488,2.49892,2.08683,0.00071486,0.00071486,0.00071486
32,129.681,1.08421,1.37777,1.33555,0.34049,0.32222,0.55586,0.23629,1.4935,2.3783,2.10491,0.000727901,0.000727901,0.000727901
33,133.656,1.19518,1.42585,1.43991,0.57138,0.65071,0.59069,0.27729,1.40621,2.28931,1.95258,0.000740281,0.000740281,0.000740281
34,137.578,1.15762,1.28246,1.29382,0.57138,0.65071,0.59069,0.27729,1.40621,2.28931,1.95258,0.000752002,0.000752002,0.000752002
35,141.713,1.09295,1.2003,1.27275,0.5152,0.43104,0.6002,0.37669,1.22642,2.34194,1.75436,0.000763063,0.000763063,0.000763063
36,145.515,1.18404,1.33783,1.34521,0.51698,0.45618,0.59024,0.34093,1.34373,2.31009,1.93034,0.000773463,0.000773463,0.000773463
37,149.364,1.11389,1.29383,1.2375,0.51698,0.45618,0.59024,0.34093,1.34373,2.31009,1.93034,0.000783203,0.000783203,0.000783203
38,153.392,1.06363,1.26667,1.28395,0.55935,0.54411,0.60251,0.33893,1.48686,2.13233,2.08449,0.000792283,0.000792283,0.000792283
39,157.243,0.99834,1.2738,1.28052,0.44034,0.44699,0.58214,0.31382,1.50874,2.17221,2.00868,0.000800703,0.000800703,0.000800703
40,161.266,1.08126,1.29625,1.33558,0.44034,0.44699,0.58214,0.31382,1.50874,2.17221,2.00868,0.000808463,0.000808463,0.000808463
41,165.117,1.05408,1.11027,1.19751,0.53787,0.45637,0.48292,0.29989,1.41403,2.30134,1.98588,0.000815563,0.000815563,0.000815563
42,168.966,1.13613,1.2356,1.34012,0.60861,0.43506,0.47033,0.25596,1.75102,2.48167,2.27666,0.000822003,0.000822003,0.000822003
43,173.033,1.07633,1.10136,1.26712,0.60861,0.43506,0.47033,0.25596,1.75102,2.48167,2.27666,0.000827782,0.000827782,0.000827782
44,176.977,1.12293,1.09603,1.24229,0.19528,0.31111,0.1767,0.09961,2.37713,2.75621,2.9934,0.000832902,0.000832902,0.000832902
45,181.287,1.16946,1.24525,1.39314,0.19528,0.31111,0.1767,0.09961,2.37713,2.75621,2.9934,0.000837361,0.000837361,0.000837361
46,186.968,1.08067,1.18595,1.26832,0.22936,0.25541,0.16034,0.05806,2.7163,2.82898,3.14533,0.00084116,0.00084116,0.00084116
47,191.165,1.13685,1.22818,1.28046,0.22936,0.25541,0.16034,0.05806,2.7163,2.82898,3.14533,0.000844299,0.000844299,0.000844299
48,196.963,1.12094,1.15665,1.28915,0.28896,0.46667,0.23023,0.08133,2.48551,2.72372,2.76309,0.000846778,0.000846778,0.000846778
49,201.108,1.08234,1.12655,1.2477,0.28896,0.46667,0.23023,0.08133,2.48551,2.72372,2.76309,0.000848596,0.000848596,0.000848596
50,206.436,1.18508,1.41525,1.42821,0.38022,0.43879,0.33321,0.14409,1.62811,2.55478,1.97833,0.000849755,0.000849755,0.000849755
51,210.844,0.97535,1.06658,1.17795,0.38022,0.43879,0.33321,0.14409,1.62811,2.55478,1.97833,0.000841835,0.000841835,0.000841835
52,216.005,1.00201,1.13666,1.19471,0.36461,0.53333,0.38633,0.19124,1.54392,2.30592,2.02063,0.000825332,0.000825332,0.000825332
53,220.611,0.98549,1.12339,1.24439,0.36461,0.53333,0.38633,0.19124,1.54392,2.30592,2.02063,0.000808828,0.000808828,0.000808828
54,224.86,0.92122,1.09556,1.23562,0.72845,0.65173,0.58909,0.24683,1.64231,2.21756,2.02512,0.000792325,0.000792325,0.000792325
55,228.635,1.11964,1.12064,1.22333,0.72845,0.65173,0.58909,0.24683,1.64231,2.21756,2.02512,0.000775822,0.000775822,0.000775822
56,232.459,1.11677,1.1877,1.28248,0.60412,0.70459,0.63178,0.30098,1.42251,2.05215,1.96902,0.000759318,0.000759318,0.000759318
57,236.208,0.95211,0.98929,1.16397,0.60412,0.70459,0.63178,0.30098,1.42251,2.05215,1.96902,0.000742815,0.000742815,0.000742815
58,239.961,1.03032,1.06035,1.22084,0.55379,0.7307,0.64728,0.38165,1.18031,2.02179,1.88219,0.000726312,0.000726312,0.000726312
59,243.94,0.95778,0.9891,1.15876,0.55379,0.7307,0.64728,0.38165,1.18031,2.02179,1.88219,0.000709809,0.000709809,0.000709809
60,247.853,1.21199,1.31638,1.52518,0.39026,0.70903,0.50119,0.34323,1.2431,2.07317,1.76354,0.000693305,0.000693305,0.000693305
61,251.753,0.92433,0.97888,1.10231,0.39026,0.70903,0.50119,0.34323,1.2431,2.07317,1.76354,0.000676802,0.000676802,0.000676802
62,255.545,1.08416,1.09741,1.27387,0.67503,0.49656,0.45109,0.26466,1.24262,2.35169,1.69612,0.000660299,0.000660299,0.000660299
63,259.533,0.9664,1.03888,1.20532,0.67503,0.49656,0.45109,0.26466,1.24262,2.35169,1.69612,0.000643795,0.000643795,0.000643795
64,263.53,1.03333,1.03945,1.24652,0.68748,0.55857,0.47257,0.26169,1.24743,2.42567,1.66762,0.000627292,0.000627292,0.000627292
65,267.428,0.94578,1.0564,1.19174,0.68748,0.55857,0.47257,0.26169,1.24743,2.42567,1.66762,0.000610789,0.000610789,0.000610789
66,271.264,0.92766,1.03587,1.10072,0.55232,0.62222,0.51422,0.28853,1.35592,2.30077,1.69734,0.000594286,0.000594286,0.000594286
67,275.233,0.92259,0.96187,1.16196,0.55232,0.62222,0.51422,0.28853,1.35592,2.30077,1.69734,0.000577782,0.000577782,0.000577782
68,279.22,1.01994,1.05912,1.2121,0.57229,0.56338,0.62911,0.37544,1.3607,2.03368,1.65302,0.000561279,0.000561279,0.000561279
69,283.13,0.88519,0.93065,1.14014,0.57229,0.56338,0.62911,0.37544,1.3607,2.03368,1.65302,0.000544776,0.000544776,0.000544776
70,286.961,0.96683,1.0373,1.18089,0.58502,0.63333,0.68653,0.3913,1.34527,1.84187,1.69524,0.000528272,0.000528272,0.000528272
71,290.91,0.7924,0.85166,1.07175,0.58502,0.63333,0.68653,0.3913,1.34527,1.84187,1.69524,0.000511769,0.000511769,0.000511769
72,294.75,0.82661,0.9008,1.11228,0.80548,0.63333,0.73658,0.44434,1.28617,1.77594,1.67397,0.000495266,0.000495266,0.000495266
73,298.473,0.79144,0.94004,1.08351,0.80548,0.63333,0.73658,0.44434,1.28617,1.77594,1.67397,0.000478762,0.000478762,0.000478762
74,302.582,0.87688,1.01844,1.15066,0.83298,0.67703,0.7568,0.46916,1.27553,1.7107,1.65719,0.000462259,0.000462259,0.000462259
75,306.432,0.94762,1.02215,1.16679,0.83298,0.67703,0.7568,0.46916,1.27553,1.7107,1.65719,0.000445756,0.000445756,0.000445756
76,310.194,0.85432,0.99937,1.13676,0.70962,0.68889,0.73351,0.41193,1.28972,1.71458,1.6835,0.000429253,0.000429253,0.000429253
77,314.159,0.87704,1.05181,1.26097,0.70962,0.68889,0.73351,0.41193,1.28972,1.71458,1.6835,0.000412749,0.000412749,0.000412749
78,318.165,0.8678,1.00605,1.11071,0.68844,0.5819,0.6791,0.36608,1.3031,1.73396,1.68589,0.000396246,0.000396246,0.000396246
79,322.154,0.78109,0.90748,1.0648,0.68844,0.5819,0.6791,0.36608,1.3031,1.73396,1.68589,0.000379743,0.000379743,0.000379743
80,325.985,0.76742,0.87657,1.12299,0.75196,0.62453,0.71128,0.4443,1.23276,1.66701,1.63903,0.000363239,0.000363239,0.000363239
81,329.974,0.83621,0.90198,1.14526,0.75196,0.62453,0.71128,0.4443,1.23276,1.66701,1.63903,0.000346736,0.000346736,0.000346736
82,334.247,0.77011,0.84788,1.09888,0.74641,0.68889,0.73073,0.48034,1.15553,1.63955,1.61638,0.000330233,0.000330233,0.000330233
83,338.394,0.7969,0.88886,1.12006,0.74641,0.68889,0.73073,0.48034,1.15553,1.63955,1.61638,0.000313729,0.000313729,0.000313729
84,342.593,0.82831,0.94583,1.09355,0.63464,0.68889,0.71006,0.4655,1.15011,1.62932,1.63854,0.000297226,0.000297226,0.000297226
85,346.834,0.74818,0.74957,1.01597,0.63464,0.68889,0.71006,0.4655,1.15011,1.62932,1.63854,0.000280723,0.000280723,0.000280723
86,350.944,0.70798,0.83288,1.03492,0.56351,0.78889,0.68823,0.43443,1.14131,1.66776,1.64326,0.00026422,0.00026422,0.00026422
87,355.291,0.68639,0.76619,1.03561,0.56351,0.78889,0.68823,0.43443,1.14131,1.66776,1.64326,0.000247716,0.000247716,0.000247716
88,359.68,0.74537,0.9353,1.09188,0.67071,0.70241,0.69321,0.42723,1.1522,1.76302,1.63461,0.000231213,0.000231213,0.000231213
89,365.123,0.77712,0.79205,1.02424,0.67071,0.70241,0.69321,0.42723,1.1522,1.76302,1.63461,0.00021471,0.00021471,0.00021471
90,369.023,0.67624,0.77744,1.00203,0.49016,0.89975,0.65452,0.39368,1.12125,1.84894,1.59238,0.000198206,0.000198206,0.000198206
91,374.054,0.59057,0.88959,0.96388,0.49016,0.89975,0.65452,0.39368,1.12125,1.84894,1.59238,0.000181703,0.000181703,0.000181703
92,378.475,0.75063,0.93069,1.10715,0.52945,0.7515,0.63632,0.394,1.11869,1.90042,1.61723,0.0001652,0.0001652,0.0001652
93,383.354,0.72349,1.46826,1.20388,0.52945,0.7515,0.63632,0.394,1.11869,1.90042,1.61723,0.000148696,0.000148696,0.000148696
94,387.947,0.61453,0.88446,0.93001,0.47293,0.67778,0.5803,0.34878,1.12975,1.93385,1.63321,0.000132193,0.000132193,0.000132193
95,391.88,0.71411,0.94097,1.05289,0.47293,0.67778,0.5803,0.34878,1.12975,1.93385,1.63321,0.00011569,0.00011569,0.00011569
96,396.942,0.55481,0.84873,0.97301,0.50928,0.77042,0.55688,0.34953,1.16377,1.9503,1.66792,9.91865e-05,9.91865e-05,9.91865e-05
97,401.286,0.56093,0.78278,0.95576,0.50928,0.77042,0.55688,0.34953,1.16377,1.9503,1.66792,8.26832e-05,8.26832e-05,8.26832e-05
98,405.684,0.60034,0.81814,0.99086,0.54314,0.73334,0.62966,0.39871,1.19003,1.94992,1.67765,6.61799e-05,6.61799e-05,6.61799e-05
99,409.385,0.62753,0.8324,0.99928,0.54314,0.73334,0.62966,0.39871,1.19003,1.94992,1.67765,4.96766e-05,4.96766e-05,4.96766e-05
100,413.199,0.56368,0.86887,0.98155,0.51123,0.74817,0.57762,0.36082,1.18833,1.97013,1.67599,3.31733e-05,3.31733e-05,3.31733e-05
