,0
0,강남구
1,신사동 가로수길
2,트리
3,설치
4,강남구
5,신사동 가로수길
6,트리
7,설치
8,명동
9,외면
10,리즈
11,명동
12,외면
13,리즈
14,홈파티
15,티몬
16,CJ제일제당
17,홈파티
18,티몬
19,CJ제일제당
20,레페
21,주최
22,세미나
23,열려레페리
24,주최
25,세미나
26,레페
27,신사동 가로수길
28,유튜버스
29,어워즈
30,레페
31,신사동 가로수길
32,유튜버스
33,어워즈
34,녀석
35,신사동 가로수길
36,딤섬
37,맛집
38,위치
39,샤오롱바오
40,녀석
41,신사동 가로수길
42,딤섬
43,맛집
44,위치
45,샤오롱바오
46,미식
47,아웃
48,지형도
49,업데이트
50,미식
51,아웃
52,지형도
53,업데이트
54,르포
55,하이트진로
56,스토어
57,르포
58,하이트진로
59,스토어
60,단풍
61,명소
62,은행나무
63,북적
64,북적
65,단풍
66,명소
67,은행나무
68,북적
69,북적
70,포토
71,변신
72,딥티크
73,향수
74,로드
75,포토
76,변신
77,딥티크
78,향수
79,로드
80,19
81,신사
82,스토어
83,SW
84,19
85,신사
86,스토어
87,단풍
88,명소
89,은행나무
90,북적
91,북적
92,단풍
93,명소
94,은행나무
95,북적
96,북적
97,19
98,신사
99,스토어
100,SW
101,19
102,신사
103,스토어
104,강남구
105,구간
106,그루
107,트리
108,니팅Treeart
109,설치
110,강남구
111,구간
112,그루
113,트리
114,니팅Treeart
115,설치
116,목욕
117,신사동 가로수길
118,목욕
119,신사동 가로수길
120,코코
121,신사
122,스토어
123,코코
124,신사
125,스토어
126,포토
127,변신
128,딥티크
129,향수
130,로드
131,포토
132,변신
133,딥티크
134,향수
135,로드
136,생방송
137,투데이
138,신사동 가로수길
139,프라이드
140,치킨
141,플래터
142,버거
143,생방송
144,투데이
145,신사동 가로수길
146,프라이드
147,치킨
148,플래터
149,버거
150,신사동 가로수길
151,신사동 가로수길
152,삼성물산
153,패션
154,스토어
155,페스
156,삼성물산
157,패션
158,스토어
159,페스
160,디아지오
161,스토어
162,디아지오
163,스토어
164,브랜드
165,논픽션
166,신사
167,그니
168,스토어
169,브랜드
170,논픽션
171,신사
172,그니
173,스토어
174,카드
175,플레이
176,신사동 가로수길
177,카드
178,플레이
179,신사동 가로수길
180,라이프
181,브랜드
182,논픽션
183,신사
184,그니
185,라이프
186,브랜드
187,논픽션
188,신사
189,그니
190,신사동 가로수길
191,서머
192,이벤트
193,신사동 가로수길
194,서머
195,이벤트
196,르포
197,파리
198,월세
199,만원
200,건물
201,르포
202,파리
203,월세
204,만원
205,건물
206,탈리다쿰
207,신사동 가로수길
208,공간
209,티케
210,이애
211,탈리다쿰
212,신사동 가로수길
213,공간
214,티케
215,이애
216,소연
217,신사동 가로수길
218,포토
219,소연
220,신사동 가로수길
221,포토
222,한때
223,권리금
224,만원
225,일산
226,상권
227,예견
228,몰락
229,한때
230,권리금
231,만원
232,일산
233,상권
234,예견
235,몰락
236,스토어
237,스토어
238,공실
239,일산
240,암울
241,공실
242,일산
243,암울
244,아페쎄
245,파티
246,아페쎄
247,파티
248,마리
249,직영점
250,오픈아이디
251,마리
252,직영점
253,임대료
254,유부
255,임대료
256,유부
257,신사동 가로수길
258,향기
259,화장품
260,브랜드
261,스토어
262,눈길
263,신사동 가로수길
264,향기
265,화장품
266,브랜드
267,스토어
268,눈길
269,랜드
270,한눈
271,신사동 가로수길
272,랜드
273,한눈
274,신사동 가로수길
275,관광객
276,명동
277,상권
278,부동산
279,시세
280,회복
281,관광객
282,명동
283,상권
284,부동산
285,시세
286,회복
287,비마이펫
288,삼색
289,이리
290,스토어
291,오픈비마이펫
292,삼색
293,이리
294,스토어
295,녀석
296,신사동 가로수길
297,마라탕
298,맛집
299,위치
300,가지
301,녀석
302,신사동 가로수길
303,마라탕
304,맛집
305,위치
306,가지
307,요즘
308,누구
309,가나
310,핫플레이스요즘
311,누구
312,가나
313,핫플레이스
314,미션
315,고해
316,포토
317,미션
318,고해
319,포토
320,포커스
321,인터뷰
322,핫플
323,문창협
324,용범
325,이사장
326,포커스
327,인터뷰
328,핫플
329,문창협
330,용범
331,이사장
332,신사동 가로수길
333,티몬
334,스토어
335,신사동 가로수길
336,티몬
337,스토어
338,병원
339,공실
340,상황
341,병원
342,공실
343,상황
344,가면
345,새벽녘
346,이슬
347,가면
348,새벽녘
349,이슬
350,티몬
351,소아
352,제약
353,스토어
354,티몬
355,소아
356,제약
357,스토어
358,포토
359,티몬
360,농심
361,신상
362,어택
363,오프
364,연계
365,포토
366,티몬
367,농심
368,신상
369,어택
370,오프
371,연계
372,러닝
373,자전거
374,최적화
375,고어
376,독점
377,플래그십스토SMK
378,러닝
379,자전거
380,최적화
381,고어
382,독점
383,플래그십스토
384,단기
385,임대
386,등장
387,단기
388,임대
389,등장
390,르포
391,콧대
392,추락
393,가게
394,르포
395,콧대
396,추락
397,가게
398,티몬
399,동행
400,스토어
401,티몬
402,동행
403,스토어
404,직원
405,월급
406,흑자
407,카페
408,사장
409,직원
410,월급
411,흑자
412,카페
413,사장
414,월급
415,흑자
416,카페
417,월급
418,흑자
419,카페
420,첫사랑
421,비주얼
422,아리
423,첫사랑
424,비주얼
425,야심
426,9월
427,여기
428,이승
429,사진전
430,9월
431,여기
432,이승
433,사진전
434,경제
435,이슈
436,티몬
437,농심
438,스토어
439,경제
440,이슈
441,티몬
442,농심
443,스토어
444,니스
445,론칭
446,가로수
447,니스
448,론칭
449,삼성물산
450,패션
451,키츠
452,매장
453,전용
454,물산
455,패션
456,키츠
457,매장
458,전용
459,콧대
460,추락
461,콧대
462,추락
463,오마이걸
464,포토
465,HD
466,오마이걸
467,포토
468,HD
469,전시
470,데이
471,전시
472,데이
473,티몬
474,오뚜기
475,티몬
476,오뚜기
477,데이
478,티몬
479,오뚜기
480,티몬
481,오뚜기
482,데이
483,신사동 가로수길
484,스토어
485,매장
486,신사동 가로수길
487,스토어
488,매장
489,브레빌
490,스토어
491,브레빌
492,카페
493,스토어
494,신사
495,오픈브레빌
496,스토어
497,브레빌
498,카페
499,스토어
500,신사
501,신사동 가로수길
502,간판
503,패션
504,매장
505,신사동 가로수길
506,간판
507,패션
508,매장
509,신사동 가로수길
510,공실
511,30대
512,신사동 가로수길
513,공실
514,30대
515,고어
516,독점
517,러닝
518,자전거
519,최적화
520,고어
521,독점
522,러닝
523,자전거
524,최적화
525,포토
526,오뚜기
527,포토
528,오뚜기
529,티몬
530,오뚜기
531,스토어
532,티몬
533,오뚜기
534,스토어
535,르포
536,애플
537,스타벅스
538,북적
539,패션
540,성지
541,몰락
542,르포
543,애플
544,스타벅스
545,북적
546,패션
547,성지
548,몰락
549,신사동 가로수길
550,붕괴
551,신사동 가로수길
552,붕괴
553,티몬
554,신사동 가로수길
555,상생
556,스토어
557,티몬
558,신사동 가로수길
559,상생
560,스토어
561,신사동 가로수길
562,주민
563,뜨개
564,신사동 가로수길
565,주민
566,뜨개
567,식객
568,허영만
569,백반
570,기행
571,명동
572,맛집
573,평양
574,만둣국
575,식객
576,허영만
577,백반
578,기행
579,명동
580,맛집
581,평양
582,만둣국
583,가로수
584,가치
585,연간
586,효자로
587,만원
588,만원
589,가로수
590,가치
591,연간
592,효자로
593,만원
594,만원
595,패션
596,패션
597,포멜로
598,스토어
599,포멜로
600,스토어
601,임대료
602,몰락
603,임대료
604,몰락
605,포멜로
606,스토어
607,포멜로
608,스토어
609,신사동 가로수길
610,마구잡이
611,제동
612,신사동 가로수길
613,마구잡이
614,제동
615,포토
616,강남구
617,주민
618,뜨개
619,신사동 가로수길
620,포토
621,강남구
622,주민
623,뜨개
624,신사동 가로수길
625,젠트리피케이션
626,사이클
627,젠트리피케이션
628,사이클
629,생방송
630,투데이
631,신사동 가로수길
632,볼락
633,파이
634,맛집
635,위치
636,아주
637,생방송
638,투데이
639,신사동 가로수길
640,볼락
641,파이
642,맛집
643,위치
644,메트로
645,시티
646,슈퍼
647,메트로
648,시티
649,슈퍼
650,세상
651,사랑
652,거리
653,패션
654,여행
655,이달
656,세상
657,사랑
658,거리
659,패션
660,여행
661,이달
662,메트로
663,시티
664,슈퍼
665,메트로
666,시티
667,슈퍼
668,크리스마스
669,일주일
670,앞으로
671,홈파티
672,아라
673,크리스마스
674,일주일
675,앞으로
676,홈파티
677,유현주
678,카페
679,천국
680,벤치
681,없어
682,한판
683,승부
684,유현주
685,카페
686,천국
687,벤치
688,없어
689,한판
690,승부
691,티몬
692,CJ제일제당
693,오프
694,연계
695,티몬
696,CJ제일제당
697,오프
698,연계
699,낭만
700,자연힙한
701,공간
702,조건
703,낭만
704,자연힙한
705,공간
706,조건
707,신사동 가로수길
708,셀프
709,화보
710,신사동 가로수길
711,셀프
712,화보
713,녀석
714,티본스테이크
715,맛집
716,위치
717,녀석
718,티본스테이크
719,맛집
720,위치
721,티몬
722,CJ
723,푸드
724,CJ
725,푸드
726,그루트
727,영화
728,가오
729,잠깐
730,그루트
731,영화
732,가오
733,강압
734,상권
735,비결
736,회식
737,성지
738,의료
739,메가
740,강압
741,상권
742,비결
743,회식
744,성지
745,의료
746,티몬
747,도그어스플래닛과
748,유기
749,사진전
750,티몬
751,도그어스플래닛과
752,유기
753,사진전
754,이시스
755,신사
756,닥터스
757,피부과
758,전달식
759,제이
760,시스
761,신사
762,닥터스
763,피부과
764,전달식
765,플로
766,라운지
767,매장
768,신사
769,플로
770,라운지
771,매장
772,신사
773,영상
774,공실
775,건물
776,호가
777,이유
778,영상
779,공실
780,건물
781,호가
782,이유
783,키츠
784,매장
785,전용
786,시메
787,키츠
788,매장
789,전용
790,콧대
791,추락
792,콧대
793,추락
794,삼성물산
795,패션
796,서머
797,이벤트
798,삼성물산
799,패션
800,서머
801,이벤트
802,오마이걸
803,포토
804,HD
805,오마이걸
806,포토
807,HD
808,전시
809,데이
810,전시
811,데이
812,행사
813,행사
814,티몬
815,오뚜기
816,티몬
817,오뚜기
818,데이
819,티몬
820,오뚜기
821,티몬
822,오뚜기
823,데이
824,브랜드
825,논픽션
826,그니
827,스토어
828,브랜드
829,논픽션
830,그니
831,스토어
832,신사동 가로수길
833,스토어
834,매장
835,신사동 가로수길
836,스토어
837,매장
838,브레빌
839,스토어
840,브레빌
841,카페
842,스토어
843,신사
844,오픈브레빌
845,스토어
846,브레빌
847,카페
848,스토어
849,신사
850,행사
851,행사
852,여우
853,키츠
854,여우
855,키츠
856,삼성물산
857,패션
858,서머
859,이벤트
860,삼성물산
861,패션
862,서머
863,이벤트
864,티몬
865,오뚜기
866,티몬
867,오뚜기
868,데이
869,티몬
870,오뚜기
871,티몬
872,오뚜기
873,데이
874,브랜드
875,논픽션
876,그니
877,스토어
878,브랜드
879,논픽션
880,그니
881,스토어
882,신사동 가로수길
883,스토어
884,매장
885,신사동 가로수길
886,스토어
887,매장
888,브레빌
889,스토어
890,브레빌
891,카페
892,스토어
893,신사
894,오픈브레빌
895,스토어
896,브레빌
897,카페
898,스토어
899,신사
900,신사동 가로수길
901,간판
902,패션
903,매장
904,신사동 가로수길
905,간판
906,패션
907,매장
908,공실
909,신사동 가로수길
910,공실
911,신사동 가로수길
912,삼성물산
913,패션
914,스토어
915,페스
916,삼성물산
917,패션
918,스토어
919,페스
920,서머
921,이벤트
922,도심
923,가족
924,서머
925,이벤트
926,도심
927,가족
928,티몬
929,오뚜기
930,티몬
931,오뚜기
932,데이
933,티몬
934,오뚜기
935,티몬
936,오뚜기
937,데이
938,브랜드
939,논픽션
940,그니
941,스토어
942,브랜드
943,논픽션
944,그니
945,스토어
946,신사동 가로수길
947,스토어
948,매장
949,신사동 가로수길
950,스토어
951,매장
952,브레빌
953,스토어
954,브레빌
955,카페
956,스토어
957,신사
958,오픈브레빌
959,스토어
960,브레빌
961,카페
962,스토어
963,신사
964,신사동 가로수길
965,간판
966,패션
967,매장
968,신사동 가로수길
969,간판
970,패션
971,매장
972,공실
973,신사동 가로수길
974,공실
975,신사동 가로수길
976,삼성물산
977,패션
978,스토어
979,페스
980,삼성물산
981,패션
982,스토어
983,페스
984,고어
985,독점
986,러닝
987,자전거
988,최적화
989,고어
990,독점
991,러닝
992,자전거
993,최적화
994,브레빌
995,스토어
996,브레빌
997,카페
998,스토어
999,신사
1000,열어브레빌
1001,스토어
1002,브레빌
1003,카페
1004,스토어
1005,신사
1006,신사동 가로수길
1007,간판
1008,패션
1009,매장
1010,신사동 가로수길
1011,간판
1012,패션
1013,매장
1014,공실
1015,신사동 가로수길
1016,공실
1017,신사동 가로수길
1018,삼성물산
1019,패션
1020,스토어
1021,페스
1022,삼성물산
1023,패션
1024,스토어
1025,페스
1026,고어
1027,독점
1028,러닝
1029,자전거
1030,최적화
1031,고어
1032,독점
1033,러닝
1034,자전거
1035,최적화
1036,포토
1037,오뚜기
1038,포토
1039,오뚜기
1040,오뚜기
1041,이벤트
1042,티몬
1043,오뚜기
1044,데이
1045,오뚜기
1046,이벤트
1047,티몬
1048,오뚜기
1049,데이
1050,티몬
1051,오뚜기
1052,스토어
1053,티몬
1054,오뚜기
1055,스토어
1056,신사
1057,콜렉팅
1058,더블
1059,혜택
1060,HM
1061,신사
1062,콜렉팅
1063,더블
1064,혜택
1065,오뚜기
1066,이벤트
1067,티몬
1068,오뚜기
1069,데이
1070,오뚜기
1071,이벤트
1072,티몬
1073,오뚜기
1074,데이
1075,행사
1076,행사
1077,티몬
1078,오뚜기
1079,스토어
1080,티몬
1081,오뚜기
1082,스토어
1083,신사
1084,콜렉팅
1085,더블
1086,혜택
1087,HM
1088,신사
1089,콜렉팅
1090,더블
1091,혜택
1092,르포
1093,애플
1094,스타벅스
1095,북적
1096,패션
1097,성지
1098,몰락
1099,르포
1100,애플
1101,스타벅스
1102,북적
1103,패션
1104,성지
1105,몰락
1106,신사동 가로수길
1107,붕괴
1108,신사동 가로수길
1109,붕괴
1110,티몬
1111,신사동 가로수길
1112,상생
1113,스토어
1114,티몬
1115,신사동 가로수길
1116,상생
1117,스토어
1118,나무
1119,강남구
1120,주민
1121,뜨개
1122,신사동 가로수길
1123,나무
1124,강남구
1125,주민
1126,뜨개
1127,신사동 가로수길
1128,식객
1129,허영만
1130,백반
1131,기행
1132,명동
1133,맛집
1134,평양
1135,만둣국
1136,식객
1137,허영만
1138,백반
1139,기행
1140,명동
1141,맛집
1142,평양
1143,만둣국
1144,가로수
1145,가치
1146,연간
1147,효자로
1148,만원
1149,만원
1150,가로수
1151,가치
1152,연간
1153,효자로
1154,만원
1155,만원
1156,르포
1157,애플
1158,스타벅스
1159,북적
1160,패션
1161,성지
1162,몰락
1163,르포
1164,애플
1165,스타벅스
1166,북적
1167,패션
1168,성지
1169,몰락
1170,신사동 가로수길
1171,붕괴
1172,신사동 가로수길
1173,붕괴
1174,티몬
1175,신사동 가로수길
1176,상생
1177,스토어
1178,티몬
1179,신사동 가로수길
1180,상생
1181,스토어
1182,나무
1183,강남구
1184,주민
1185,뜨개
1186,신사동 가로수길
1187,나무
1188,강남구
1189,주민
1190,뜨개
1191,신사동 가로수길
1192,식객
1193,허영만
1194,백반
1195,기행
1196,명동
1197,맛집
1198,평양
1199,만둣국
1200,식객
1201,허영만
1202,백반
1203,기행
1204,명동
1205,맛집
1206,평양
1207,만둣국
1208,가로수
1209,가치
1210,연간
1211,효자로
1212,만원
1213,만원
1214,가로수
1215,가치
1216,연간
1217,효자로
1218,만원
1219,만원
1220,전시
1221,전시
1222,패션
1223,패션
1224,포멜로
1225,스토어
1226,포멜로
1227,스토어
1228,임대료
1229,몰락
1230,임대료
1231,몰락
1232,임대료
1233,몰락
1234,임대료
1235,몰락
1236,포멜로
1237,스토어
1238,포멜로
1239,스토어
1240,신사동 가로수길
1241,마구잡이
1242,제동
1243,신사동 가로수길
1244,마구잡이
1245,제동
1246,포멜로
1247,스토어
1248,포멜로
1249,스토어
1250,포토
1251,강남구
1252,주민
1253,뜨개
1254,신사동 가로수길
1255,포토
1256,강남구
1257,주민
1258,뜨개
1259,신사동 가로수길
1260,젠트리피케이션
1261,사이클
1262,젠트리피케이션
1263,사이클
1264,생방송
1265,투데이
1266,신사동 가로수길
1267,볼락
1268,파이
1269,맛집
1270,위치
1271,아주
1272,생방송
1273,투데이
1274,신사동 가로수길
1275,볼락
1276,파이
1277,맛집
1278,위치
1279,메트로
1280,시티
1281,슈퍼
1282,메트로
1283,시티
1284,슈퍼
1285,세상
1286,사랑
1287,거리
1288,패션
1289,여행
1290,이달
1291,세상
1292,사랑
1293,거리
1294,패션
1295,여행
1296,이달
1297,메트로
1298,시티
1299,슈퍼
1300,메트로
1301,시티
1302,슈퍼
1303,생방송
1304,투데이
1305,신사동 가로수길
1306,볼락
1307,파이
1308,맛집
1309,위치
1310,아주
1311,생방송
1312,투데이
1313,신사동 가로수길
1314,볼락
1315,파이
1316,맛집
1317,위치
1318,메트로
1319,시티
1320,슈퍼
1321,메트로
1322,시티
1323,슈퍼
1324,세상
1325,사랑
1326,거리
1327,패션
1328,여행
1329,이달
1330,세상
1331,사랑
1332,거리
1333,패션
1334,여행
1335,이달
1336,포멜로
1337,스토어
1338,포멜로
1339,스토어
1340,메트로
1341,시티
1342,슈퍼
1343,메트로
1344,시티
1345,슈퍼
1346,크리스마스
1347,일주일
1348,앞으로
1349,홈파티
1350,아라
1351,크리스마스
1352,일주일
1353,앞으로
1354,홈파티
1355,유현주
1356,카페
1357,천국
1358,벤치
1359,없어
1360,한판
1361,승부
1362,유현주
1363,카페
1364,천국
1365,벤치
1366,없어
1367,한판
1368,승부
1369,티몬
1370,CJ제일제당
1371,오프
1372,연계
1373,티몬
1374,CJ제일제당
1375,오프
1376,연계
1377,낭만
1378,자연힙한
1379,공간
1380,조건
1381,낭만
1382,자연힙한
1383,공간
1384,조건
1385,신사동 가로수길
1386,셀프
1387,화보
1388,신사동 가로수길
1389,셀프
1390,화보
1391,크리스마스
1392,일주일
1393,앞으로
1394,홈파티
1395,아라
1396,크리스마스
1397,일주일
1398,앞으로
1399,홈파티
1400,유현주
1401,카페
1402,천국
1403,벤치
1404,없어
1405,한판
1406,승부
1407,유현주
1408,카페
1409,천국
1410,벤치
1411,없어
1412,한판
1413,승부
1414,티몬
1415,CJ제일제당
1416,오프
1417,연계
1418,티몬
1419,CJ제일제당
1420,오프
1421,연계
1422,낭만
1423,자연힙한
1424,공간
1425,조건
1426,낭만
1427,자연힙한
1428,공간
1429,조건
1430,신사동 가로수길
1431,셀프
1432,화보
1433,신사동 가로수길
1434,셀프
1435,화보
1436,녀석
1437,티본스테이크
1438,맛집
1439,위치
1440,녀석
1441,티본스테이크
1442,맛집
1443,위치
1444,티몬
1445,CJ
1446,푸드
1447,CJ
1448,푸드
1449,그루트
1450,영화
1451,가오
1452,잠깐
1453,그루트
1454,영화
1455,가오
1456,강압
1457,상권
1458,비결
1459,회식
1460,성지
1461,의료
1462,메가
1463,강압
1464,상권
1465,비결
1466,회식
1467,성지
1468,의료
1469,티몬
1470,도그어스플래닛과
1471,유기
1472,사진전
1473,티몬
1474,도그어스플래닛과
1475,유기
1476,사진전
1477,티몬
1478,도그어스플래닛과
1479,유기
1480,사진전
1481,티몬
1482,도그어스플래닛과
1483,유기
1484,사진전
1485,이시스
1486,신사
1487,닥터스
1488,피부과
1489,전달식
1490,제이
1491,시스
1492,신사
1493,닥터스
1494,피부과
1495,전달식
1496,플로
1497,라운지
1498,매장
1499,신사
1500,플로
1501,라운지
1502,매장
1503,신사
1504,영상
1505,공실
1506,건물
1507,호가
1508,이유
1509,영상
1510,공실
1511,건물
1512,호가
1513,이유
1514,역세권
1515,유동
1516,인구
1517,역세권
1518,유동
1519,인구
1520,삼성물산
1521,패션
1522,신사
1523,도장
1524,행사
1525,삼성물산
1526,패션
1527,신사
1528,도장
1529,행사
1530,상권
1531,매출
1532,증가액
1533,시술
1534,저녁
1535,상권
1536,매출
1537,증가액
1538,시술
1539,저녁
1540,랜드
1541,랜드
1542,티몬
1543,CJ제일제당
1544,스토어
1545,티몬
1546,CJ제일제당
1547,스토어
1548,공예
1549,모였네크래프트
1550,5월
1551,개막
1552,공예
1553,모였네크래프트
1554,5월
1555,개막
1556,공예
1557,모였네크래프트
1558,5월
1559,개막
1560,공예
1561,모였네크래프트
1562,5월
1563,개막
1564,럭셔리
1565,헤어
1566,다비
1567,네스
1568,첫선
1569,SI
1570,럭셔리
1571,헤어
1572,다비
1573,네스
1574,첫선
1575,삼성물산
1576,신사동 가로수길
1577,스토어
1578,삼성물산
1579,신사동 가로수길
1580,스토어
1581,신규
1582,스토어
1583,접점
1584,확대
1585,신규
1586,스토어
1587,접점
1588,확대
1589,삼성물산
1590,패션
1591,기프팅
1592,이벤트
1593,삼성물산
1594,패션
1595,기프팅
1596,이벤트
1597,명소
1598,장인
1599,푸드
1600,테라
1601,토털
1602,퀴진
1603,안식
1604,식당
1605,명소
1606,장인
1607,푸드
1608,테라
1609,토털
1610,퀴진
1611,안식
1612,식당
1613,신사
1614,역세권
1615,매장
1616,어인
1617,상권
1618,활성
1619,기대
1620,신사
1621,역세권
1622,매장
1623,어인
1624,상권
1625,활성
1626,기대
1627,차량
1628,컨셉트
1629,신사동 가로수길
1630,차량
1631,컨셉트
1632,신사동 가로수길
1633,가오
1634,몰입
1635,장전
1636,스타로드
1637,그루트
1638,가오
1639,몰입
1640,장전
1641,스타로드
1642,그루트
1643,스토어
1644,주년
1645,딥티크가로수길
1646,스토어
1647,주년
1648,딥티크
1649,가오
1650,몰입
1651,장전
1652,스타로드
1653,그루트
1654,가오
1655,몰입
1656,장전
1657,스타로드
1658,그루트
1659,스토어
1660,주년
1661,딥티크가로수길
1662,스토어
1663,주년
1664,딥티크
1665,닥터스
1666,피부과
1667,신사
1668,닥터스
1669,피부과
1670,신사
1671,쭈꾸미도사
1672,신사
1673,오픈쭈꾸미도사
1674,신사
1675,한자
1676,리에
1677,신사
1678,스토어
1679,보니
1680,한자
1681,리에
1682,신사
1683,스토어
1684,보니
1685,티몬
1686,CJ
1687,푸드
1688,사전
1689,이벤트
1690,티몬
1691,CJ
1692,푸드
1693,사전
1694,이벤트
1695,가오
1696,개봉
1697,가오
1698,개봉
1699,티몬
1700,푸드
1701,오프
1702,행사
1703,실시
1704,티몬
1705,푸드
1706,오프
1707,행사
1708,실시
1709,스토어
1710,애플
1711,스토어
1712,거리
1713,스토어
1714,애플
1715,스토어
1716,거리
1717,배스킨라빈스
1718,핑크
1719,컬러
1720,SPC
1721,배스킨라빈스
1722,핑크
1723,컬러
1724,김경
1725,여행
1726,이야기
1727,강남구
1728,도산공원
1729,김경
1730,여행
1731,이야기
1732,강남구
1733,도산공원
1734,삼성물산
1735,패션
1736,신사동 가로수길
1737,삼성물산
1738,패션
1739,신사동 가로수길
1740,기념
1741,스토어
1742,기념
1743,스토어
1744,티몬
1745,CJ제일제당
1746,연계
1747,티몬
1748,CJ제일제당
1749,연계
1750,푸드
1751,열풍
1752,번데기
1753,전통주
1754,여행
1755,푸드
1756,열풍
1757,번데기
1758,전통주
1759,여행
1760,HM
1761,쁠랑드지
1762,랜드
1763,콸라룸푸르
1764,입점쁠랑드지
1765,랜드
1766,콸라룸푸르
1767,1년
1768,컴백
1769,신사
1770,스토어
1771,1년
1772,컴백
1773,신사
1774,스토어
1775,공실
1776,공실
1777,스토어
1778,연내
1779,확충
1780,스토어
1781,연내
1782,확충
1783,기념
1784,스토어
1785,기념
1786,스토어
1787,1년
1788,컴백
1789,신사
1790,스토어
1791,1년
1792,컴백
1793,신사
1794,스토어
1795,공실
1796,공실
1797,스토어
1798,연내
1799,확충
1800,스토어
1801,연내
1802,확충
1803,티몬
1804,신사동 가로수길
1805,사옥
1806,검토
1807,티몬
1808,거리
1809,구상
1810,티몬
1811,신사동 가로수길
1812,사옥
1813,검토
1814,티몬
1815,거리
1816,구상
1817,기념
1818,이벤트
1819,실시
1820,기념
1821,이벤트
1822,실시
1823,배스킨라빈스
1824,신규
1825,매장
1826,SPC
1827,배스킨라빈스
1828,신규
1829,매장
1830,티몬
1831,CJ제일제당
1832,오프
1833,연계
1834,스토어
1835,티몬
1836,CJ제일제당
1837,오프
1838,연계
1839,스토어
1840,신규
1841,스토어
1842,신규
1843,스토어
1844,공실
1845,공실
1846,스토어
1847,연내
1848,확충
1849,스토어
1850,연내
1851,확충
1852,공실
1853,공실
1854,기념
1855,오개
1856,기념
1857,티몬
1858,신사동 가로수길
1859,사옥
1860,검토
1861,티몬
1862,거리
1863,구상
1864,티몬
1865,신사동 가로수길
1866,사옥
1867,검토
1868,티몬
1869,거리
1870,구상
1871,기념
1872,이벤트
1873,실시
1874,기념
1875,이벤트
1876,실시
1877,배스킨라빈스
1878,신규
1879,매장
1880,SPC
1881,배스킨라빈스
1882,신규
1883,매장
1884,티몬
1885,CJ제일제당
1886,오프
1887,연계
1888,스토어
1889,티몬
1890,CJ제일제당
1891,오프
1892,연계
1893,스토어
1894,애프터스쿨
1895,출신
1896,신사동 가로수길
1897,카페
1898,근황
1899,애프터스쿨
1900,출신
1901,신사동 가로수길
1902,카페
1903,근황
1904,신사
1905,스토어
1906,지속
1907,접점
1908,확대
1909,노력
1910,신사
1911,스토어
1912,지속
1913,접점
1914,확대
1915,노력
1916,신규
1917,스토어
1918,신규
1919,스토어
1920,한산
1921,티몬
1922,신사동 가로수길
1923,사옥
1924,검토
1925,티몬
1926,거리
1927,구상
1928,티몬
1929,신사동 가로수길
1930,사옥
1931,검토
1932,티몬
1933,거리
1934,구상
1935,기념
1936,이벤트
1937,실시
1938,기념
1939,이벤트
1940,실시
1941,배스킨라빈스
1942,신규
1943,매장
1944,SPC
1945,배스킨라빈스
1946,신규
1947,매장
1948,티몬
1949,CJ제일제당
1950,오프
1951,연계
1952,스토어
1953,티몬
1954,CJ제일제당
1955,오프
1956,연계
1957,스토어
1958,애프터스쿨
1959,출신
1960,신사동 가로수길
1961,카페
1962,근황
1963,애프터스쿨
1964,출신
1965,신사동 가로수길
1966,카페
1967,근황
1968,키스
1969,포토
1970,스토어
1971,키스
1972,포토
1973,스토어
1974,티몬
1975,신사동 가로수길
1976,사옥
1977,검토
1978,티몬
1979,거리
1980,구상
1981,티몬
1982,신사동 가로수길
1983,사옥
1984,검토
1985,티몬
1986,거리
1987,구상
1988,기념
1989,이벤트
1990,실시
1991,기념
1992,이벤트
1993,실시
1994,배스킨라빈스
1995,신규
1996,매장
1997,SPC
1998,배스킨라빈스
1999,신규
2000,매장
2001,티몬
2002,CJ제일제당
2003,오프
2004,연계
2005,스토어
2006,티몬
2007,CJ제일제당
2008,오프
2009,연계
2010,스토어
2011,애프터스쿨
2012,출신
2013,신사동 가로수길
2014,카페
2015,근황
2016,애프터스쿨
2017,출신
2018,신사동 가로수길
2019,카페
2020,근황
2021,키스
2022,포토
2023,스토어
2024,키스
2025,포토
2026,스토어
2027,기념
2028,기념
2029,딥티크
2030,신사
2031,스토어
2032,오픈딥티크
2033,신사
2034,스토어
2035,티몬
2036,푸드
2037,시식
2038,경품
2039,티몬
2040,푸드
2041,시식
2042,경품
2043,애프터스쿨
2044,출신
2045,신사동 가로수길
2046,카페
2047,근황
2048,애프터스쿨
2049,출신
2050,신사동 가로수길
2051,카페
2052,근황
2053,키스
2054,포토
2055,스토어
2056,키스
2057,포토
2058,스토어
2059,기념
2060,기념
2061,기념
2062,기념
2063,딥티크
2064,신사
2065,스토어
2066,오픈딥티크
2067,신사
2068,스토어
2069,티몬
2070,푸드
2071,시식
2072,경품
2073,티몬
2074,푸드
2075,시식
2076,경품
2077,시민
2078,가로수
2079,지도
2080,효자로
2081,가로수
2082,탄소
2083,흡수
2084,시민
2085,가로수
2086,지도
2087,효자로
2088,가로수
2089,탄소
2090,흡수
2091,티몬
2092,푸드
2093,티몬
2094,푸드
2095,강남구
2096,신사동 가로수길
2097,구간
2098,은행나무
2099,강남구
2100,신사동 가로수길
2101,구간
2102,은행나무
2103,티몬
2104,푸드
2105,시식
2106,경품
2107,티몬
2108,푸드
2109,시식
2110,경품
2111,시민
2112,가로수
2113,지도
2114,효자로
2115,가로수
2116,탄소
2117,흡수
2118,시민
2119,가로수
2120,지도
2121,효자로
2122,가로수
2123,탄소
2124,흡수
2125,티몬
2126,푸드
2127,티몬
2128,푸드
2129,강남구
2130,신사동 가로수길
2131,구간
2132,은행나무
2133,강남구
2134,신사동 가로수길
2135,구간
2136,은행나무
2137,딥티크
2138,신사동 가로수길
2139,스토어
2140,선보인다딥티크
2141,신사동 가로수길
2142,스토어
2143,여름
2144,가족
2145,외식
2146,장소
2147,여름
2148,가족
2149,외식
2150,장소
2151,대림
2152,국수
2153,기념
2154,프로모션
2155,성황
2156,대림
2157,국수
2158,기념
2159,프로모션
2160,성황
2161,티몬
2162,파트너
2163,상생
2164,강화
2165,티몬
2166,파트너
2167,상생
2168,강화
2169,센티
2170,핫플
2171,뷰직과
2172,런칭파티
2173,센티
2174,핫플
2175,뷰직과
2176,런칭파티
2177,종합
2178,식객
2179,허영만
2180,백반
2181,기행
2182,맛집
2183,종합
2184,식객
2185,허영만
2186,백반
2187,기행
2188,맛집
2189,티몬
2190,본사
2191,카페
2192,스토어
2193,티몬
2194,본사
2195,카페
2196,스토어
2197,센티
2198,핫플
2199,뷰직과
2200,런칭파티
2201,센티
2202,핫플
2203,뷰직과
2204,런칭파티
2205,티몬
2206,CJ제일제당
2207,오프
2208,연계
2209,스토어
2210,티몬
2211,CJ제일제당
2212,오프
2213,연계
2214,스토어
2215,종합
2216,식객
2217,허영만
2218,백반
2219,기행
2220,맛집
2221,종합
2222,식객
2223,허영만
2224,백반
2225,기행
2226,맛집
2227,옥션
2228,특별전
2229,알짜
2230,옥션
2231,특별전
2232,알짜
2233,박재범
2234,신사동 가로수길
2235,박재범
2236,신사동 가로수길
2237,글렌
2238,신사동 가로수길
2239,칵테일
2240,페스티벌
2241,글렌
2242,신사동 가로수길
2243,칵테일
2244,페스티벌
2245,루프
2246,영업
2247,촉진
2248,상권
2249,나선
2250,루프
2251,영업
2252,촉진
2253,상권
2254,기념
2255,스토어
2256,기념
2257,스토어
2258,기념
2259,스토어
2260,기념
2261,스토어
2262,제한
2263,상권
2264,유도
2265,제한
2266,상권
2267,유도
2268,티몬
2269,CJ제일제당
2270,오프
2271,연계
2272,스토어
2273,티몬
2274,CJ제일제당
2275,오프
2276,연계
2277,스토어
2278,기념
2279,스토어
2280,기념
2281,스토어
2282,기념
2283,스토어
2284,기념
2285,스토어
2286,현실
2287,커플
2288,데이트
2289,모습
2290,포착
2291,솔로
2292,지옥
2293,최종
2294,현실
2295,커플
2296,데이트
2297,모습
2298,포착
2299,솔로
2300,지옥
2301,최종
2302,딥디크
2303,신사
2304,스토어
2305,열어딥디크
2306,신사
2307,스토어
2308,버닝
2309,비버
2310,스마일게이트
2311,버닝
2312,비버
2313,스마일게이트
2314,연예인
2315,화보
2316,셀프
2317,연예인
2318,화보
2319,셀프
2320,연예인
2321,화보
2322,셀프
2323,씨잌연예인
2324,화보
2325,셀프
2326,씨잌
2327,사동
2328,코알라
2329,공식
2330,사동
2331,코알라
2332,공식
2333,이탈
2334,임대료
2335,동결
2336,용적률
2337,인센티브
2338,이탈
2339,임대료
2340,동결
2341,용적률
2342,인센티브
2343,연예인
2344,화보
2345,셀프
2346,연예인
2347,화보
2348,셀프
2349,연예인
2350,화보
2351,셀프
2352,씨잌연예인
2353,화보
2354,셀프
2355,씨잌
2356,사동
2357,코알라
2358,공식
2359,사동
2360,코알라
2361,공식
2362,티몬
2363,CJ제일제당
2364,마케팅
2365,합심
2366,특가
2367,행사
2368,실시
2369,티몬
2370,CJ제일제당
2371,마케팅
2372,합심
2373,특가
2374,행사
2375,실시
2376,알짜
2377,모레
2378,설명회
2379,가로수
2380,알짜
2381,모레
2382,설명회
2383,강남구
2384,지구
2385,단위
2386,구역
2387,결정
2388,수정
2389,가결
2390,강남구
2391,지구
2392,단위
2393,구역
2394,결정
2395,수정
2396,가결
2397,브리핑
2398,롯데마트
2399,아성
2400,다이소
2401,쿠팡
2402,티몬
2403,브리핑
2404,롯데마트
2405,아성
2406,다이소
2407,쿠팡
2408,티몬
2409,강남구
2410,트리
2411,니팅나무
2412,뜨개
2413,전시
2414,강남구
2415,트리
2416,니팅나무
2417,뜨개
2418,전시
2419,옥션
2420,특별전
2421,참석자
2422,옥션
2423,특별전
2424,참석자
2425,업종
2426,입체
2427,상권
2428,변신
2429,지구
2430,단위
2431,가결
2432,업종
2433,입체
2434,상권
2435,변신
2436,지구
2437,단위
2438,가결
2439,티몬
2440,CJ제일제당
2441,스토어
2442,홈파티
2443,티몬
2444,CJ제일제당
2445,스토어
2446,홈파티
2447,브리핑
2448,롯데마트
2449,아성
2450,다이소
2451,쿠팡
2452,티몬
2453,브리핑
2454,롯데마트
2455,아성
2456,다이소
2457,쿠팡
2458,티몬
2459,강남구
2460,트리
2461,니팅나무
2462,뜨개
2463,전시
2464,강남구
2465,트리
2466,니팅나무
2467,뜨개
2468,전시
2469,옥션
2470,특별전
2471,참석자
2472,옥션
2473,특별전
2474,참석자
2475,매직
2476,신사동 가로수길
2477,스토어
2478,SK
2479,매직
2480,신사동 가로수길
2481,스토어
2482,박재범
2483,신사동 가로수길
2484,스토어
2485,박재범
2486,신사동 가로수길
2487,스토어
2488,향연
2489,버닝비버
2490,향연
2491,버닝비버
2492,포토
2493,티몬
2494,CJ제일제당
2495,비비고
2496,만나
2497,보세
2498,포토
2499,티몬
2500,CJ제일제당
2501,비비고
2502,선도
2503,샘물
2504,샘물
2505,플롭스
2506,를K뷰티
2507,선도
2508,샘물
2509,샘물
2510,플롭스
2511,매직
2512,신사동 가로수길
2513,스토어
2514,SK
2515,매직
2516,신사동 가로수길
2517,스토어
2518,박재범
2519,신사동 가로수길
2520,스토어
2521,박재범
2522,신사동 가로수길
2523,스토어
2524,티몬
2525,CJ제일제당
2526,오프
2527,연계
2528,스토어
2529,티몬
2530,CJ제일제당
2531,오프
2532,연계
2533,스토어
2534,향연
2535,버닝비버
2536,향연
2537,버닝비버
2538,포토
2539,티몬
2540,CJ제일제당
2541,비비고
2542,만나
2543,보세
2544,포토
2545,티몬
2546,CJ제일제당
2547,비비고
2548,선도
2549,샘물
2550,샘물
2551,플롭스
2552,를K뷰티
2553,선도
2554,샘물
2555,샘물
2556,플롭스
2557,이미지
2558,공간
2559,이미지
2560,공간
2561,강남구
2562,위크
2563,강남구
2564,위크
2565,힙한
2566,위크
2567,놀자힙한
2568,위크
2569,이미지
2570,씨잌SEEIK
2571,이미지
2572,씨잌SEEIK
2573,경제
2574,이슈
2575,티몬
2576,CJ제일제당
2577,오프
2578,연계
2579,스토어
2580,경제
2581,이슈
2582,티몬
2583,CJ제일제당
2584,오프
2585,연계
2586,스토어
2587,이미지
2588,씨잌SEEIK
2589,이미지
2590,씨잌SEEIK
2591,패션
2592,포토
2593,진미령
2594,런웨이
2595,포착
2596,남은
2597,패션
2598,포토
2599,진미령
2600,런웨이
2601,포착
2602,남은
2603,티몬
2604,본사
2605,카페
2606,스토어
2607,티몬
2608,본사
2609,카페
2610,스토어
2611,영상
2612,진심
2613,스마일게이트
2614,게임사
2615,영상
2616,진심
2617,스마일게이트
2618,게임사
2619,로스트
2620,아크
2621,스마일게이트
2622,인디 게임
2623,열자
2624,로스트
2625,아크
2626,스마일게이트
2627,인디 게임
2628,열자
2629,강남구
2630,위크
2631,강남구
2632,위크
2633,아이유
2634,스미스
2635,스토어
2636,유가
2637,스미스
2638,스토어
2639,코로나
2640,상권
2641,로드
2642,폐점
2643,명동
2644,몰락
2645,코로나
2646,상권
2647,로드
2648,폐점
2649,명동
2650,몰락
2651,아이유
2652,스미스
2653,스토어
2654,유가
2655,스미스
2656,스토어
2657,스마일게이트
2658,버닝비버
2659,지원
2660,사격
2661,스마일게이트
2662,버닝비버
2663,지원
2664,사격
2665,코로나
2666,상권
2667,로드
2668,폐점
2669,명동
2670,몰락
2671,코로나
2672,상권
2673,로드
2674,폐점
2675,명동
2676,몰락
2677,삼성물산
2678,패션
2679,스토어
2680,세사
2681,트립
2682,이벤트
2683,삼성물산
2684,패션
2685,스토어
2686,세사
2687,트립
2688,이벤트
2689,브리프
2690,삼성
2691,패션
2692,애경
2693,아모레퍼시픽
2694,랜드
2695,노스페이스
2696,브리프
2697,삼성
2698,패션
2699,애경
2700,아모레퍼시픽
2701,랜드
2702,노스페이스
2703,임대료
2704,급등
2705,롱런의
2706,초상권
2707,리포트
2708,임대료
2709,급등
2710,롱런의
2711,초상권
2712,리포트
2713,삼성물산
2714,패션
2715,스토어
2716,세사
2717,트립
2718,이벤트
2719,삼성물산
2720,패션
2721,스토어
2722,세사
2723,트립
2724,이벤트
2725,딥티크
2726,전문점
2727,마케팅
2728,딥티크
2729,전문점
2730,마케팅
2731,화제
2732,거리
2733,공공
2734,브랜드
2735,화제
2736,거리
2737,공공
2738,브랜드
2739,프로그레스
2740,전시
2741,행사
2742,프로그레스
2743,전시
2744,행사
2745,딥디크
2746,전문점
2747,마케팅
2748,진행딥디크
2749,전문점
2750,마케팅
2751,세상
2752,사랑
2753,거리
2754,패션
2755,여행
2756,세상
2757,사랑
2758,거리
2759,패션
2760,여행
2761,화제
2762,거리
2763,공공
2764,브랜드
2765,화제
2766,거리
2767,공공
2768,브랜드
2769,프로그레스
2770,전시
2771,행사
2772,프로그레스
2773,전시
2774,행사
2775,티몬
2776,CJ제일제당
2777,오프
2778,연계
2779,스토어
2780,티몬
2781,CJ제일제당
2782,오프
2783,연계
2784,스토어
2785,로딩
2786,스티븐
2787,알란
2788,로딩
2789,스티븐
2790,알란
2791,백과
2792,래트로폴리스까지가로수길에서
2793,백과
2794,래트로폴리스까지가로수길에서
2795,매직
2796,신사동 가로수길
2797,스토어
2798,SK
2799,매직
2800,신사동 가로수길
2801,스토어
2802,포토
2803,캐주얼
2804,비티
2805,포토
2806,캐주얼
2807,비티
2808,피브비PIVVEE
2809,컨트리 클럽
2810,오픈피브비PIVVEE
2811,컨트리 클럽
2812,삼성물산
2813,패션
2814,스토어
2815,세사
2816,트립
2817,이벤트
2818,삼성물산
2819,패션
2820,스토어
2821,세사
2822,트립
2823,이벤트
2824,화제
2825,거리
2826,공공
2827,브랜드
2828,화제
2829,거리
2830,공공
2831,브랜드
2832,프로그레스
2833,전시
2834,행사
2835,프로그레스
2836,전시
2837,행사
2838,티몬
2839,CJ제일제당
2840,오프
2841,연계
2842,스토어
2843,티몬
2844,CJ제일제당
2845,오프
2846,연계
2847,스토어
2848,로딩
2849,스티븐
2850,알란
2851,로딩
2852,스티븐
2853,알란
2854,백과
2855,래트로폴리스까지가로수길에서
2856,백과
2857,래트로폴리스까지가로수길에서
2858,딥디크
2859,스토어
2860,라이브
2861,재즈
2862,행사딥디크
2863,스토어
2864,라이브
2865,재즈
2866,행사
2867,매직
2868,신사동 가로수길
2869,스토어
2870,SK
2871,매직
2872,신사동 가로수길
2873,스토어
2874,포토
2875,캐주얼
2876,비티
2877,포토
2878,캐주얼
2879,비티
2880,피브비PIVVEE
2881,컨트리 클럽
2882,오픈피브비PIVVEE
2883,컨트리 클럽
2884,티몬
2885,티몬
2886,푸드
2887,연계
2888,스토어
2889,티몬
2890,티몬
2891,푸드
2892,연계
2893,스토어
2894,포토
2895,캐주얼
2896,비티
2897,포토
2898,캐주얼
2899,비티
2900,피브비PIVVEE
2901,컨트리 클럽
2902,오픈피브비PIVVEE
2903,컨트리 클럽
2904,매장
2905,매장
2906,삼성물산
2907,패션
2908,스토어
2909,삼성물산
2910,패션
2911,스토어
2912,현빈
2913,손예진
2914,스토어
2915,성공
2916,현빈
2917,손예진
2918,스토어
2919,성공
2920,뜻밖
2921,만남
2922,지연
2923,앤디
2924,워스트
2925,뜻밖
2926,만남
2927,지연
2928,앤디
2929,워스트
2930,딥티크
2931,마케팅
2932,향수
2933,재즈딥티크
2934,마케팅
2935,향수
2936,재즈
2937,티몬
2938,선수
2939,미팅
2940,장애
2941,청년
2942,운동선수
2943,지원
2944,티몬
2945,선수
2946,미팅
2947,장애
2948,청년
2949,운동선수
2950,지원
2951,삼성물산
2952,패션
2953,스토어
2954,삼성물산
2955,패션
2956,스토어
2957,삼성물산
2958,스토어
2959,삼성물산
2960,스토어
2961,티몬
2962,CJ제일제당
2963,오프
2964,연계
2965,스토어
2966,티몬
2967,CJ제일제당
2968,오프
2969,연계
2970,스토어
2971,현빈
2972,손예진
2973,스토어
2974,성공
2975,현빈
2976,손예진
2977,스토어
2978,성공
2979,뜻밖
2980,만남
2981,지연
2982,앤디
2983,워스트
2984,뜻밖
2985,만남
2986,지연
2987,앤디
2988,워스트
2989,딥티크
2990,마케팅
2991,향수
2992,재즈딥티크
2993,마케팅
2994,향수
2995,재즈
2996,티몬
2997,선수
2998,미팅
2999,장애
3000,청년
3001,운동선수
3002,지원
3003,티몬
3004,선수
3005,미팅
3006,장애
3007,청년
3008,운동선수
3009,지원
3010,삼성물산
3011,패션
3012,스토어
3013,삼성물산
3014,패션
3015,스토어
3016,이태원
3017,참사
3018,강남구
3019,점검
3020,이태원
3021,참사
3022,강남구
3023,점검
3024,티몬
3025,푸드
3026,홈파티
3027,스토어
3028,티몬
3029,푸드
3030,홈파티
3031,스토어
3032,컨트리 클럽
3033,오픈피브비
3034,컨트리 클럽
3035,브랜드
3036,스토어
3037,브랜드
3038,스토어
3039,이태원
3040,참사
3041,강남구
3042,점검
3043,이태원
3044,참사
3045,강남구
3046,점검
3047,티몬
3048,푸드
3049,홈파티
3050,스토어
3051,티몬
3052,푸드
3053,홈파티
3054,스토어
3055,컨트리 클럽
3056,오픈피브비
3057,컨트리 클럽
3058,장윤석
3059,티몬
3060,장윤석
3061,티몬
3062,실크
3063,맛집
3064,여성
3065,마레
3066,알리
3067,실크
3068,맛집
3069,여성
3070,마레
3071,알리
3072,GS25
3073,도넛
3074,브랜드
3075,페리
3076,도넛
3077,GS25
3078,도넛
3079,브랜드
3080,페리
3081,도넛
3082,산업
3083,활성
3084,레페
3085,체결
3086,산업
3087,활성
3088,레페
3089,체결
3090,씨어터
3091,브로드웨이
3092,뮤지컬 영화
3093,씨어터
3094,브로드웨이
3095,뮤지컬 영화
3096,20대
3097,전용
3098,편집
3099,스토어
3100,도심
3101,20대
3102,전용
3103,편집
3104,스토어
3105,도심
3106,산업
3107,활성
3108,레페
3109,체결
3110,산업
3111,활성
3112,레페
3113,체결
3114,도약
3115,발판
3116,스토어
3117,도약
3118,발판
3119,스토어
3120,씨어터
3121,브로드웨이
3122,뮤지컬 영화
3123,씨어터
3124,브로드웨이
3125,뮤지컬 영화
3126,20대
3127,전용
3128,편집
3129,스토어
3130,도심
3131,20대
3132,전용
3133,편집
3134,스토어
3135,도심
3136,포스트
3137,코로나
3138,매출
3139,증가
3140,상권
3141,포스트
3142,코로나
3143,매출
3144,증가
3145,상권
3146,티몬
3147,푸드
3148,기념
3149,올인
3150,데이
3151,사면
3152,티몬
3153,푸드
3154,기념
3155,올인
3156,데이
3157,사면
3158,스킨케어
3159,브랜드
3160,유튜버스
3161,어워즈
3162,상위
3163,스킨케어
3164,브랜드
3165,유튜버스
3166,어워즈
3167,상위
3168,카페
3169,대박
3170,아이스크림
3171,대신
3172,카페
3173,대박
3174,아이스크림
3175,대신
3176,레페
3177,주관
3178,유튜브
3179,데이터
3180,인사이트
3181,세미나
3182,레페
3183,주관
3184,유튜브
3185,데이터
3186,인사이트
3187,세미나
3188,브랜드
3189,프로그레스
3190,브랜드
3191,프로그레스
3192,카페
3193,대박
3194,아이스크림
3195,대신
3196,카페
3197,대박
3198,아이스크림
3199,대신
3200,레페
3201,주관
3202,유튜브
3203,데이터
3204,인사이트
3205,세미나
3206,레페
3207,주관
3208,유튜브
3209,데이터
3210,인사이트
3211,세미나
3212,브랜드
3213,프로그레스
3214,브랜드
3215,프로그레스
3216,레드벨벳
3217,예리
3218,시선
3219,집중
3220,입장
3221,포토
3222,HD
3223,레드벨벳
3224,예리
3225,시선
3226,집중
3227,입장
3228,포토
3229,HD
3230,도심
3231,자동차
3232,방법
3233,도심
3234,자동차
3235,방법
3236,티몬
3237,CJ제일제당
3238,연계
3239,스토어
3240,티몬
3241,CJ제일제당
3242,연계
3243,스토어
3244,신사
3245,서울특별시
3246,신사
3247,서울특별시
3248,브랜드
3249,전시
3250,행사
3251,브랜드
3252,전시
3253,행사
3254,티몬
3255,홈파티
3256,푸드
3257,티몬
3258,홈파티
3259,푸드
3260,클래식
3261,메카
3262,송영훈
3263,다니엘 린데만
3264,클래식
3265,메카
3266,송영훈
3267,다니엘 린데만
3268,티몬
3269,홈파티
3270,푸드
3271,티몬
3272,홈파티
3273,푸드
3274,클래식
3275,메카
3276,송영훈
3277,다니엘 린데만
3278,클래식
3279,메카
3280,송영훈
3281,다니엘 린데만
3282,압도
3283,곽훈
3284,개인전
3285,할라
3286,압도
3287,곽훈
3288,개인전
3289,할라
3290,컨트리
3291,클럽
3292,오픈피브비
3293,컨트리
3294,클럽
3295,강압
3296,상권
3297,비결
3298,논현
3299,의료
3300,메카
3301,강압
3302,상권
3303,비결
3304,논현
3305,의료
3306,메카
3307,오늘
3308,세븐일레븐
3309,CJ푸드빌
3310,오설록
3311,오늘
3312,세븐일레븐
3313,CJ푸드빌
3314,오설록
3315,레페
3316,주관
3317,유튜브
3318,데이터
3319,인사이트
3320,세미나
3321,성료레페리
3322,주관
3323,유튜브
3324,데이터
3325,인사이트
3326,세미나
3327,성료
3328,다듀
3329,최자
3330,한강진역
3331,이사
3332,동네
3333,핫플
3334,등다듀
3335,최자
3336,한강진역
3337,이사
3338,동네
3339,핫플
3340,컨트리 클럽
3341,오픈피브비
3342,컨트리 클럽
3343,영국
3344,매너스
3345,영국
3346,매너스
3347,매너스Manors
3348,스토어
3349,오픈매너스Manors
3350,스토어
3351,르포
3352,청춘
3353,바다
3354,향기
3355,르포
3356,청춘
3357,바다
3358,향기
3359,한남동
3360,파리
3361,테라스
3362,한남동
3363,파리
3364,테라스
3365,영화
3366,씨어터
3367,최상아
3368,여주인공
3369,선정
3370,영화
3371,씨어터
3372,최상아
3373,여주인공
3374,선정
3375,스토어
3376,스토어
3377,매장
3378,매장
3379,카페
3380,사장
3381,마스크
3382,얼굴
3383,카페
3384,사장
3385,마스크
3386,얼굴
3387,신사
3388,서울특별시
3389,통합
3390,수상
3391,신사
3392,서울특별시
3393,통합
3394,수상
3395,카페
3396,사장
3397,근황
3398,자기
3399,관리도
3400,카페
3401,사장
3402,근황
3403,자기
3404,관리도
3405,공동
3406,이곳
3407,어디
3408,공동
3409,이곳
3410,어디
3411,공동
3412,이곳
3413,어디
3414,공동
3415,이곳
3416,어디
3417,피플
3418,씨어터
3419,영화감독
3420,이수성
3421,개봉
3422,방화
3423,피플
3424,씨어터
3425,영화감독
3426,이수성
3427,개봉
3428,방화
3429,스티
3430,파이
3431,커스텀
3432,히트
3433,취향저격
3434,스티
3435,파이
3436,커스텀
3437,히트
3438,취향저격
3439,씨어터
3440,소피아 로렌
3441,비토리오 데 시카
3442,감독
3443,특별전
3444,씨어터
3445,소피아 로렌
3446,비토리오 데 시카
3447,감독
3448,특별전
3449,CE
3450,토탈
3451,메이크업
3452,라인
3453,론칭
3454,스토어
3455,CE
3456,토탈
3457,메이크업
3458,라인
3459,론칭
3460,스토어
3461,독립문
3462,헤리티지
3463,스토어
3464,독립문
3465,헤리티지
3466,스토어
3467,티몬
3468,CJ제일제당
3469,오프
3470,연계
3471,스토어
3472,티몬
3473,CJ제일제당
3474,오프
3475,연계
3476,스토어
3477,카페
3478,홍보
3479,복근
3480,카페
3481,홍보
3482,복근
3483,이시영
3484,이시영
3485,브랜드
3486,스토에잇타임즈
3487,브랜드
3488,스토
3489,이시영
3490,이시영
3491,브랜드
3492,스토에잇타임즈
3493,브랜드
3494,스토
3495,티몬
3496,CJ제일제당
3497,연계
3498,스토어
3499,티몬
3500,CJ제일제당
3501,연계
3502,스토어
3503,스토어
3504,스토어
3505,브랜드
3506,스토어
3507,브랜드
3508,스토어
3509,지사
3510,사옥
3511,기념
3512,이벤트
3513,설명회
3514,EF
3515,지사
3516,사옥
3517,기념
3518,이벤트
3519,설명회
3520,브랜드
3521,스토어
3522,브랜드
3523,스토어
3524,코로나
3525,19
3526,상권
3527,지도
3528,거리
3529,공식
3530,코로나
3531,코로나
3532,19
3533,상권
3534,지도
3535,거리
3536,공식
3537,코로나
3538,카페
3539,사장
3540,변신
3541,이태란
3542,신애라
3543,응원
3544,카페
3545,사장
3546,변신
3547,이태란
3548,신애라
3549,응원
3550,에그드랍
3551,에그드랍
3552,블룸
3553,오픈에그드랍
3554,에그드랍
3555,블룸
3556,카페
3557,사장
3558,변신
3559,이태란
3560,신애라
3561,응원
3562,카페
3563,사장
3564,변신
3565,이태란
3566,신애라
3567,응원
3568,에그드랍
3569,에그드랍
3570,블룸
3571,오픈에그드랍
3572,에그드랍
3573,블룸
3574,사거리
3575,벨기에
3576,애니
3577,사거리
3578,벨기에
3579,애니
3580,전통
3581,한식
3582,브랜드
3583,핵심
3584,창업
3585,포인트
3586,전통
3587,한식
3588,브랜드
3589,핵심
3590,창업
3591,포인트
3592,레페
3593,체결
3594,산업
3595,가속
3596,레페
3597,체결
3598,산업
3599,가속
3600,레페
3601,유튜버스
3602,어워즈
3603,브랜드
3604,레페
3605,유튜버스
3606,어워즈
3607,브랜드
3608,딥디크
3609,매장
3610,상륙
3611,딥디크
3612,매장
3613,상륙
3614,코로나
3615,직격탄
3616,점포
3617,가로수
3618,코로나
3619,직격탄
3620,점포
3621,인터뷰
3622,리버
3623,헬스
3624,스톱
3625,품격
3626,서비스
3627,하현
3628,인터뷰
3629,리버
3630,헬스
3631,스톱
3632,품격
3633,서비스
3634,유연석
3635,가로수
3636,수리남
3637,변호사
3638,포토
3639,HD
3640,유연석
3641,가로수
3642,수리남
3643,변호사
3644,포토
3645,HD
3646,유연석
3647,가로수
3648,수리남
3649,변호사
3650,포토
3651,HD
3652,유연석
3653,가로수
3654,수리남
3655,변호사
3656,포토
3657,HD
3658,브랜드
3659,전시관
3660,반스
3661,피어
3662,첫선
3663,브랜드
3664,전시관
3665,반스
3666,피어
3667,첫선
3668,포토
3669,조윤희
3670,나들이
3671,포토
3672,조윤희
3673,조윤희
3674,미모사
3675,조윤희
3676,미모
3677,유기농
3678,발효
3679,화장품
3680,미사
3681,개념
3682,스토어
3683,유기농
3684,발효
3685,화장품
3686,미사
3687,개념
3688,스토어
3689,삼립
3690,맛집
3691,닭갈비
3692,SPC
3693,삼립
3694,맛집
3695,닭갈비
3696,이태원
3697,공실
3698,감소
3699,기대
3700,이태원
3701,공실
3702,감소
3703,기대
3704,장윤석
3705,티몬
3706,티몬
3707,거리
3708,자사
3709,장윤석
3710,티몬
3711,티몬
3712,거리
3713,자사
3714,삼립
3715,데이터
3716,활용
3717,닭갈비
3718,SPC
3719,삼립
3720,데이터
3721,활용
3722,닭갈비
3723,브랜드
3724,전시관
3725,브랜드
3726,전시관
3727,리한
3728,카페
3729,힙스터
3730,성지
3731,사장
3732,리한
3733,카페
3734,힙스터
3735,성지
3736,사장
3737,위스키
3738,역대
3739,최고
3740,전망
3741,디아지오
3742,공략
3743,위스키
3744,역대
3745,최고
3746,전망
3747,디아지오
3748,공략
3749,헬로키티
3750,흥행
3751,헬로키티
3752,흥행
3753,필립
3754,모리스
3755,스토어
3756,재단
3757,필립
3758,모리스
3759,스토어
3760,단장
3761,대한민국
3762,유튜버s
3763,워드
3764,포토
3765,부스
3766,설치
3767,대한민국
3768,유튜버s
3769,워드
3770,포토
3771,부스
3772,설치
3773,활기
3774,북촌
3775,삼청동
3776,권제
3777,머니
3778,이스
3779,활기
3780,북촌
3781,삼청동
3782,권제
3783,머니
3784,이스
3785,딥티크
3786,스토어
3787,오픈딥티크
3788,스토어
3789,티몬
3790,사옥
3791,장윤석
3792,비전
3793,티몬
3794,사옥
3795,장윤석
3796,비전
3797,로딩
3798,스토어
3799,로딩
3800,스토어
3801,통가
3802,농심
3803,사랑
3804,신라면
3805,사회
3806,온정
3807,외유
3808,통가
3809,농심
3810,사랑
3811,신라면
3812,사회
3813,온정
3814,딥티크
3815,스토어
3816,오픈딥티크
3817,스토어
3818,티몬
3819,사옥
3820,장윤석
3821,비전
3822,티몬
3823,사옥
3824,장윤석
3825,비전
3826,로딩
3827,스토어
3828,로딩
3829,스토어
3830,통가
3831,농심
3832,사랑
3833,신라면
3834,사회
3835,온정
3836,외유
3837,통가
3838,농심
3839,사랑
3840,신라면
3841,사회
3842,온정
3843,박재범
3844,상륙
3845,힙하게
3846,박재범
3847,상륙
3848,힙하게
3849,티몬
3850,신축
3851,건물
3852,사무실
3853,입주
3854,티몬
3855,신축
3856,건물
3857,사무실
3858,입주
3859,동아시아
3860,찻집
3861,신사
3862,플로
3863,덕력
3864,브랜더쿠동아시아
3865,찻집
3866,신사
3867,플로
3868,덕력
3869,브랜더쿠
3870,코알라
3871,공식
3872,공간
3873,코알라
3874,공식
3875,공간
3876,한복
3877,판서
3878,즐긴다버닝비버에
3879,게이머
3880,열광
3881,한복
3882,판서
3883,즐긴다버닝비버에
3884,게이머
3885,열광
3886,매직
3887,브랜드
3888,공간
3889,매직
3890,브랜드
3891,공간
3892,위기
3893,강호동
3894,매각
3895,강호동
3896,54
3897,강남구
3898,신사동 가로수길
3899,자신
3900,매각
3901,부동산
3902,업계
3903,강호동
3904,11월
3905,강남구
3906,신사동 가로수길
3907,건물
3908,매각
3909,강호동
3910,건물
3911,준공
3912,대지
3913,건물
3914,일조권
3915,규제
3916,완화
3917,가로
3918,구역
3919,지정
3920,계단
3921,건물
3922,형태
3923,건물
3924,활용
3925,개선
3926,상권
3927,활성
3928,기대
3929,강남구
3930,구청장
3931,조성
3932,신사동 가로수길
3933,면적
3934,전국
3935,일조권
3936,규제
3937,완화
3938,가로
3939,구역
3940,지정
3941,지금
3942,주거
3943,분류
3944,일조권
3945,적용
3946,코로나
3947,셧다운
3948,어렵
3949,위치
3950,공실
3951,기간
3952,공실
3953,반면
3954,명동
3955,광화문
3956,공실
3957,개선
3958,분위기
3959,명동
3960,공실
3961,분기
3962,50
3963,분기
3964,수준
3965,강호동
3966,매각
3967,차익
3968,한경
3969,부동산
3970,업계
3971,강호동
3972,지난달
3973,강남구
3974,신사동 가로수길
3975,건물
3976,매각
3977,건물
3978,대지면적
3979,건물
3980,면적
3981,강호동
3982,6월
3983,건물
3984,매입
3985,강호동
3986,40
3987,공실
3988,특단
3989,대책
3990,신사동 가로수길
3991,가로
3992,구역
3993,지정
3994,공고
3995,일부
3996,전국
3997,일조권
3998,배제
3999,완화
4000,방안
4001,가로
4002,구역
4003,지정
4004,그동안
4005,건물
4006,일조
4007,제한
4008,적용
4009,층수
4010,건물
4011,계단
4012,모양
4013,건축법
4014,강호동
4015,공실
4016,폭탄
4017,시세
4018,차익
4019,부동산
4020,컨설팅
4021,쿠시
4022,앤드
4023,웨이크필드
4024,집계
4025,분기
4026,통계
4027,상권
4028,공실
4029,시세
4030,차익
4031,강호동
4032,일조권
4033,규제
4034,완화
4035,계단
4036,건물
4037,강남구
4038,신사동 가로수길
4039,전국
4040,일조권
4041,규제
4042,완화
4043,가로
4044,구역
4045,지정
4046,지금
4047,건물
4048,주거
4049,분류
4050,일조권
4051,적용
4052,건축법
4053,조에
4054,건물
4055,이하
4056,인접
4057,대지
4058,경계선
4059,이상
4060,초과
4061,부분
4062,높이
4063,르포
4064,공실
4065,폭탄
4066,몰락
4067,월세
4068,거지
4069,출구
4070,간판
4071,흔적
4072,방치
4073,공실
4074,크리스마스
4075,조명
4076,장식
4077,거리
4078,가게
4079,손님
4080,발길
4081,상인
4082,짙은
4083,한숨
4084,계단
4085,건물
4086,사라
4087,진다
4088,신사동 가로수길
4089,가로
4090,구역
4091,지정
4092,공고
4093,일부
4094,전국
4095,일조권
4096,배제
4097,완화
4098,방안
4099,가로
4100,구역
4101,지정
4102,그동안
4103,건물
4104,일조
4105,제한
4106,적용
4107,층수
4108,건물
4109,계단
4110,모양
4111,건축법
4112,신성
4113,통상
4114,활용
4115,장식
4116,신성
4117,통상
4118,재단법인
4119,가게
4120,재활용
4121,니트
4122,강남구
4123,신사동 가로수길
4124,장식
4125,브랜드
4126,철학
4127,의미
4128,환경
4129,사회
4130,환경
4131,사회
4132,지배
4133,구조
4134,일환
4135,지속
4136,캠페인
4137,경제
4138,이슈
4139,겨울철
4140,온기
4141,전달
4142,전사
4143,봉사
4144,활동
4145,10
4146,재활용
4147,가로수
4148,니트
4149,전시
4150,신성
4151,통상
4152,태순
4153,재단법인
4154,가게
4155,이사장
4156,박진원
4157,재활용
4158,니트
4159,강남구
4160,신사동 가로수길
4161,장식
4162,브랜드
4163,철학
4164,의미
4165,환경
4166,사회
4167,전통
4168,공예
4169,전시
4170,신사동 가로수길
4171,12월 6일
4172,신사동 가로수길
4173,해석
4174,전통
4175,공예
4176,전시
4177,공예
4178,전시
4179,12월 6일
4180,전시
4181,첫날
4182,와인
4183,감상
4184,오프닝
4185,행사
4186,전통
4187,공예
4188,재활용
4189,가로수
4190,니트
4191,재단법인
4192,가게
4193,재활용
4194,니트
4195,강남구
4196,신사동 가로수길
4197,장식
4198,브랜드
4199,철학
4200,의미
4201,환경
4202,사회
4203,일환
4204,지속
4205,캠페인
4206,나무
4207,부동산
4208,공룡
4209,패션
4210,공룡
4211,지주회사
4212,매일홀딩스가
4213,보유
4214,강남구
4215,거리
4216,패션
4217,브랜드
4218,자라
4219,창업자
4220,아만시오 오르테가
4221,강남구
4222,신사동 가로수길
4223,건물
4224,샤넬
4225,구찌
4226,디오
4227,프라다
4228,부동산
4229,매입
4230,랜드
4231,카페
4232,카이
4233,브로
4234,리브랜딩
4235,비거
4236,카페
4237,랜드
4238,도약
4239,카페
4240,이브
4241,CAF
4242,리브랜딩해
4243,신사
4244,카페
4245,아카이브
4246,조합
4247,이브
4248,이브
4249,기억
4250,공간
4251,의미
4252,위치
4253,카페
4254,이브
4255,신사
4256,젠더
4257,리스
4258,브랜드
4259,콰티QUAT가
4260,11월 29일
4261,나이
4262,스웨
4263,스토어
4264,소식
4265,콰티는
4266,오버
4267,누드
4268,트렌드
4269,무드
4270,라인
4271,립스틱
4272,컬러
4273,이징
4274,콰티는
4275,브랜드
4276,카페
4277,카페
4278,공명
4279,매장
4280,신사동 가로수길
4281,카페
4282,공명
4283,신사
4284,로스팅
4285,원두
4286,베이커리
4287,카페
4288,이다
4289,김상현
4290,카페
4291,공명
4292,랜드
4293,당일
4294,인파
4295,행렬
4296,카페
4297,공명
4298,카페
4299,공명
4300,신사
4301,카페
4302,11월 1일
4303,카페
4304,공명
4305,매장
4306,셀러
4307,베이커리
4308,정점
4309,로스팅
4310,특색
4311,스페셜
4312,원두
4313,신사
4314,신사
4315,2000년대
4316,초반
4317,앨범
4318,구비
4319,공간
4320,본인
4321,카페
4322,브랜드
4323,카페
4324,공명
4325,신사
4326,신규
4327,지점
4328,카페
4329,공명
4330,매장
4331,셀러
4332,베이커리
4333,정점
4334,로스팅
4335,특색
4336,스페셜
4337,원두
4338,신사
4339,신사
4340,2000년대
4341,초반
4342,앨범
4343,구비
4344,공간
4345,본인
4346,카페
4347,공명
4348,신사
4349,성황
4350,리에
4351,정식
4352,카페
4353,공명
4354,매장
4355,셀러
4356,베이커리
4357,정점
4358,로스팅
4359,특색
4360,스페셜
4361,원두
4362,신사
4363,신사
4364,2000년대
4365,초반
4366,앨범
4367,구비
4368,공간
4369,본인
4370,강남구
4371,신사동 가로수길
4372,파사드
4373,조명
4374,만나
4375,강남구
4376,신사동 가로수길
4377,파사드
4378,조명
4379,설치
4380,강남구
4381,구청장
4382,조성
4383,명가
4384,건물
4385,외벽
4386,형상화
4387,파사드
4388,조명
4389,점등
4390,기념
4391,콘서트
4392,파사드
4393,조명
4394,와인
4395,여배우
4396,청순
4397,여대
4398,비주얼
4399,10월 24일
4400,강남구
4401,신사동 가로수길
4402,브랜드
4403,포토
4404,행사
4405,참석
4406,이날
4407,행사
4408,와인
4409,니트
4410,베이지
4411,퀼팅
4412,미니스커트
4413,종아리
4414,양말
4415,매치
4416,분위기
4417,패션
4418,부분
4419,군데
4420,김진경
4421,강남구
4422,의원
4423,신사동 가로수길
4424,거리
4425,도입
4426,제안
4427,강남구
4428,의회
4429,김진경
4430,의원
4431,한강타임즈
4432,강남구
4433,신사동 가로수길
4434,상권
4435,활성
4436,거리
4437,상시
4438,도입
4439,제안
4440,제기
4441,코로나
4442,관광객
4443,젠트리피케이션
4444,명성
4445,상인
4446,어려움
4447,가중
4448,가운데
4449,특단
4450,활동
4451,건물
4452,48
4453,강남구
4454,건물
4455,매입
4456,건물
4457,주가
4458,부동산
4459,매체
4460,GO
4461,보도
4462,대지면적
4463,연면적
4464,가구
4465,주택
4466,4월
4467,매입
4468,태현
4469,강남구
4470,건물
4471,상급
4472,핵심
4473,상권
4474,북쪽
4475,재건축
4476,추진
4477,압구정동
4478,매도자
4479,가구
4480,주택
4481,용도
4482,변경
4483,매각
4484,고려
4485,향후
4486,신축
4487,상업
4488,건물
4489,활용
4490,전망
4491,업계
4492,상급
4493,건물
4494,강남구
4495,건물
4496,매입
4497,건물
4498,주가
4499,부동산
4500,업계
4501,강남구
4502,서쪽
4503,핵심
4504,상권
4505,북쪽
4506,재건축
4507,논의
4508,한미약품
4509,경영
4510,분쟁
4511,등장
4512,건물
4513,문제
4514,건물
4515,강남구
4516,신사동 가로수길
4517,위치
4518,건물
4519,1월
4520,건물
4521,장기로
4522,보증금
4523,임대료
4524,임차
4525,계약
4526,건물
4527,철거
4528,내년
4529,신축
4530,완공
4531,예정
4532,사이언스
4533,형제
4534,임주현
4535,한미약품
4536,부회장
4537,우기
4538,주총
4539,D3
4540,싸움
4541,건물
4542,임대
4543,책임
4544,공방
4545,제일
4546,문제
4547,임주현
4548,부회장
4549,지시
4550,신사동 가로수길
4551,건물
4552,임대차
4553,보증
4554,월세
4555,임대차
4556,기간
4557,20년
4558,임대차
4559,계약
4560,체결
4561,입금
4562,주장
4563,철거
4564,재건축
4565,건물
4566,계약
4567,체결
4568,닷새
4569,명동
4570,북적
4571,북적
4572,공실
4573,폭탄
4574,양극
4575,드라마
4576,때문
4577,국적
4578,동남아시아
4579,중동
4580,반면
4581,상권
4582,강남구
4583,신사동 가로수길
4584,공실
4585,몸살
4586,건물
4587,전체
4588,반년
4589,임차인
4590,곳도
4591,사정
4592,여행박사
4593,싱글
4594,행사
4595,에이치
4596,여행박사
4597,12월 13일
4598,이하
4599,싱글
4600,행사
4601,싱글
4602,싱글
4603,행사
4604,신청자
4605,네트
4606,워킹
4607,패션
4608,포토
4609,러브
4610,여신
4611,니트
4612,강남구
4613,키츠
4614,키츠
4615,프레젠테이션
4616,이날
4617,행사
4618,자연
4619,에센셜
4620,아이템
4621,기념
4622,이벤트
4623,패션
4624,포토
4625,멜로
4626,퀼팅
4627,스커트
4628,귀여워
4629,러브
4630,강남구
4631,키츠
4632,키츠
4633,프레젠테이션
4634,이날
4635,행사
4636,자연
4637,에센셜
4638,아이템
4639,기념
4640,이벤트
4641,패션
4642,포토
4643,여신
4644,낭만
4645,보라
4646,강남구
4647,키츠
4648,키츠
4649,프레젠테이션
4650,이날
4651,행사
4652,자연
4653,에센셜
4654,아이템
4655,기념
4656,이벤트
4657,포토
4658,성덕
4659,신사동 가로수길
4660,위치
4661,스토어
4662,키츠
4663,행사
4664,참석
4665,이날
4666,머리
4667,옷소매
4668,니트
4669,베이지
4670,스커트
4671,매치
4672,검정
4673,미니
4674,구두
4675,포인트
4676,등장
4677,여신
4678,포토
4679,강남구
4680,신사동 가로수길
4681,포토
4682,행사
4683,참석
4684,정환
4685,포토
4686,강남구
4687,신사동 가로수길
4688,포토
4689,행사
4690,참석
4691,정환
4692,신사동 가로수길
4693,빈자리
4694,공실
4695,이태원
4696,명동
4697,소폭
4698,감소
4699,조사
4700,상권
4701,분기
4702,수준
4703,쿠시
4704,보고서
4705,상권
4706,관련
4707,관이
4708,매출
4709,정체
4710,섹시
4711,토끼
4712,등장
4713,니트
4714,미니스커트
4715,10월 24일
4716,강남구
4717,신사동 가로수길
4718,포토
4719,행사
4720,참석
4721,이날
4722,행사
4723,회색
4724,니트
4725,미니스커트
4726,셋업
4727,착용
4728,러브
4729,리한
4730,패션
4731,블랙
4732,메리제인
4733,구두
4734,발목
4735,양말
4736,착용
4737,강남구
4738,가을밤
4739,강서
4740,소리
4741,9월 25일
4742,신사동 가로수길
4743,신사
4744,신사
4745,구간
4746,거리
4747,브랜드
4748,부스
4749,지구
4750,오락실
4751,부스
4752,종의
4753,피크닉
4754,존 푸
4755,포토
4756,강남구
4757,프로
4758,랄프스
4759,포토
4760,행사
4761,참석
4762,포토
4763,등장
4764,신사동 가로수길
4765,패션
4766,브랜드
4767,포토
4768,행사
4769,참석
4770,강남구
4771,키츠
4772,스토어
4773,브랜드
4774,프레젠테이션
4775,이날
4776,행사
4777,상현
4778,참석
4779,입장
4780,미모
4781,강남구
4782,키츠
4783,스토어
4784,브랜드
4785,프레젠테이션
4786,이날
4787,행사
4788,상현
4789,참석
4790,입장
4791,포토
4792,과즙
4793,신사동 가로수길
4794,위치
4795,스토어
4796,패션
4797,행사
4798,참석
4799,신사동 가로수길
4800,알짜
4801,도산
4802,150
4803,매각
4804,입찰
4805,신사동 가로수길
4806,알짜
4807,도산
4808,150
4809,입찰
4810,투자은행
4811,IB
4812,업계
4813,스턴
4814,운용
4815,도산
4816,150
4817,입찰
4818,6월
4819,예정
4820,매각
4821,주간사
4822,컬리
4823,어스
4824,도산
4825,150
4826,상권
4827,의원
4828,클리닉
4829,대기업
4830,가로수
4831,거리
4832,초입
4833,도로변
4834,면적
4835,보증금
4836,공인중개사
4837,무소
4838,지난달
4839,강남구
4840,신사동 가로수길
4841,압구정로
4842,11
4843,곳곳
4844,대문
4845,표시
4846,출구
4847,초입
4848,도로변
4849,르포
4850,블핑
4851,제니
4852,거리
4853,초입
4854,도로변
4855,면적
4856,보증금
4857,공인중개사
4858,무소
4859,강남구
4860,신사동 가로수길
4861,압구정로
4862,11
4863,곳곳
4864,대문
4865,표시
4866,출구
4867,초입
4868,도로변
4869,프로
4870,랄프스커피
4871,유명
4872,굿즈폴로
4873,프로
4874,랄프스커피가
4875,신사동 가로수길
4876,프로
4877,매장
4878,첫선
4879,비즈니스
4880,포스트
4881,본고장
4882,미국
4883,전통
4884,패션
4885,브랜드
4886,프로
4887,소식
4888,아침
4889,그동안
4890,편집
4891,메인 로드
4892,이은정
4893,중용
4894,라이프
4895,편집
4896,신사동 가로수길
4897,메인 로드
4898,처음
4899,매장
4900,키즈
4901,초점
4902,패밀리
4903,라이프
4904,고리
4905,향수
4906,로드
4907,다트
4908,렌디
4909,패션
4910,라이프
4911,중심지
4912,신사동 가로수길
4913,패션
4914,아이템
4915,발견
4916,패션
4917,브랜드
4918,신사동 가로수길
4919,브랜드
4920,독립
4921,패션
4922,부티크
4923,밀집
4924,유니크
4925,고급
4926,분위기
4927,매장
4928,패션
4929,과거
4930,단발
4931,버건디
4932,나들이
4933,강남구
4934,신사동 가로수길
4935,포토
4936,행사
4937,참석
4938,이날
4939,분위기
4940,블랙
4941,슈트
4942,셋업
4943,착용
4944,도회
4945,블랙
4946,슈트
4947,그녀
4948,시크
4949,이미지
4950,부각
4951,스타
4952,면모
4953,땅값
4954,물주
4955,연예인
4956,누구
4957,스타
4958,부동산
4959,신사동 가로수길
4960,압구정역
4961,사이
4962,위치
4963,주택
4964,매매
4965,용도
4966,변경
4967,신축
4968,모델링
4969,건물
4970,이용
4971,신사동 가로수길
4972,상권
4973,연예인
4974,보유
4975,건물
4976,가치
4977,배로
4978,신사동 가로수길
4979,청소
4980,봄맞이
4981,캠프
4982,지영
4983,강남구
4984,구청장
4985,조성
4986,관내
4987,거리
4988,봄맞이
4989,청소
4990,실시
4991,주민
4992,환경
4993,정비
4994,캠페인
4995,이날
4996,행사
4997,동주
4998,직원
4999,청소
5000,강남구
5001,신사동 가로수길
5002,만국기
5003,양조
5004,장원
5005,국가
5006,국기
5007,광경
5008,관광객
5009,반가움
5010,내국인
5011,나라
5012,사랑
5013,마음
5014,앞으로
5015,시도
5016,관광객
5017,눈길
5018,발휘
5019,노력
5020,부활
5021,신호탄
5022,북적
5023,북적
5024,강남구
5025,신사동 가로수길
5026,명성
5027,패션
5028,부활
5029,조성
5030,향수
5031,로드
5032,마르지
5033,엘라
5034,폴레
5035,브랜드
5036,스토어
5037,조금
5038,활기
5039,유진
5040,나들이
5041,포토
5042,HD
5043,제로
5044,베이스
5045,유진
5046,강남구
5047,신사동 가로수길
5048,브랜드
5049,이벤트
5050,포토
5051,행사
5052,참석
5053,포토
5054,완벽
5055,자태
5056,신사동 가로수길
5057,위치
5058,마르지
5059,엘라
5060,프래그런스
5061,기념
5062,포토
5063,참석
5064,마르지
5065,엘라
5066,신사동 가로수길
5067,향수
5068,매장
5069,업계
5070,마르지
5071,엘라
5072,강남구
5073,신사동 가로수길
5074,매장
5075,향수
5076,예정
5077,현대백화점
5078,중동
5079,롯데백화점
5080,원점
5081,마르지
5082,엘라
5083,향수
5084,매장
5085,신규
5086,향수
5087,매장
5088,프래그런스
5089,매장
5090,향수
5091,매장
5092,추가
5093,강남구
5094,주년
5095,신사동 가로수길
5096,연중
5097,상시
5098,강남구
5099,신사동 가로수길
5100,구간
5101,양측
5102,가로
5103,등주
5104,만국기
5105,게양
5106,강남구
5107,강남구
5108,신사동 가로수길
5109,구간
5110,양측
5111,가로
5112,등주
5113,만국기
5114,게양
5115,주년
5116,게양
5117,르포
5118,요즘
5119,대신
5120,임대료
5121,상권
5122,안쪽
5123,식당
5124,이랑
5125,가게
5126,건물
5127,경비원
5128,강남구
5129,신사동 가로수길
5130,건물
5131,대부분
5132,대로
5133,초입
5134,임대
5135,문의
5136,공실
5137,방치
5138,모습
5139,한집
5140,아주
5141,컴퍼니
5142,러닝
5143,스페셜
5144,스토어
5145,아주
5146,컴퍼니
5147,신사동 가로수길
5148,러닝
5149,스페셜
5150,스토어
5151,레이스먼트RACEMENT의
5152,정식
5153,매장
5154,러너
5155,최고
5156,퍼포먼스
5157,발휘
5158,최적화
5159,서비스
5160,중점
5161,매장
5162,코코
5163,신사
5164,스토어
5165,2024년
5166,9월 6일
5167,반려
5168,인과
5169,반려
5170,동물
5171,반려
5172,라이프
5173,스토어
5174,코코
5175,강남구
5176,신사동 가로수길
5177,스토어
5178,TRA
5179,스토어
5180,정식
5181,명칭
5182,코코
5183,이탈리아어
5184,우리
5185,강남구
5186,신사동 가로수길
5187,국경일
5188,게양
5189,국경일
5190,만국기
5191,동시
5192,게양
5193,이색
5194,거리
5195,조성
5196,강남구
5197,구청장
5198,조성
5199,구간
5200,양측
5201,가로
5202,등주
5203,만국기
5204,게양
5205,장원
5206,동장
5207,소인
5208,게양
5209,국경일
5210,슈퍼주니어
5211,이특
5212,부동산
5213,실력
5214,어디
5215,건물
5216,이특
5217,매입
5218,건물
5219,강남구
5220,신사동 가로수길
5221,위치
5222,건물
5223,주택
5224,상태
5225,건물
5226,용도
5227,변경
5228,가치
5229,8월
5230,준공
5231,건물
5232,영어
5233,유치원
5234,이특
5235,건물
5236,주상
5237,연예
5238,부동산
5239,전문가
5240,이특
5241,건물
5242,건물
5243,신사동 가로수길
5244,위치
5245,주택
5246,상태
5247,건물
5248,용도
5249,변경
5250,가치
5251,8월
5252,준공
5253,건물
5254,영어
5255,유치원
5256,상태
5257,이사
5258,한국경제
5259,이특
5260,건물
5261,매입
5262,시세
5263,박서준
5264,부동산
5265,성공
5266,건물
5267,4년
5268,신사동 가로수길
5269,압구정로데오거리
5270,도산공원
5271,지속
5272,가운데
5273,박서준
5274,건물
5275,맞은편
5276,위치
5277,건물
5278,박서준
5279,건물
5280,이상
5281,거래
5282,시세
5283,차익
5284,건물
5285,이특
5286,노미
5287,부동
5288,이특
5289,매입
5290,건물
5291,신사동 가로수길
5292,위치
5293,주택
5294,상태
5295,건물
5296,용도
5297,변경
5298,가치
5299,8월
5300,준공
5301,건물
5302,영어
5303,유치원
5304,이특
5305,건물
5306,주상
5307,트리
5308,마제
5309,저가
5310,분양
5311,조우
5312,데님
5313,신사동 가로수길
5314,스토어
5315,조우
5316,슬로건
5317,시각
5318,완성
5319,제품군
5320,기본
5321,아이템
5322,형식
5323,주간
5324,이벤트
5325,캐주얼
5326,분위기
5327,데님
5328,조우
5329,스토어
5330,카페
5331,공명
5332,지점
5333,첫날
5334,대기
5335,행렬
5336,카페
5337,브랜드
5338,카페
5339,공명
5340,매장
5341,11월 1일
5342,신사
5343,랜드
5344,사전
5345,신청자
5346,대중
5347,관심
5348,랜드
5349,당일
5350,포토
5351,신사
5352,강남구
5353,신사동 가로수길
5354,마르지
5355,엘라
5356,프래그런스
5357,기념
5358,포토
5359,참석
5360,이날
5361,행사
5362,제로
5363,베이스
5364,유진
5365,참석
5366,향수
5367,퓨저
5368,로션
5369,샤워
5370,마르지
5371,엘라
5372,모임
5373,클럽
5374,클럽
5375,사실
5376,지하철
5377,애용
5378,느낌
5379,신사
5380,클럽
5381,이름
5382,젠틀맨
5383,모임
5384,사실
5385,신사
5386,클럽
5387,최악
5388,이름
5389,클럽
5390,생각
5391,패션
5392,칸나
5393,전시회
5394,전시회
5395,브랜드
5396,관련
5397,업계
5398,통가
5399,바이어
5400,관심
5401,호응
5402,전통
5403,장인
5404,정신
5405,신발
5406,가방
5407,액세서리
5408,브랜드
5409,참가
5410,아니타
5411,발라
5412,캐시
5413,카페
5414,공명
5415,지점
5416,카페
5417,공명
5418,매장
5419,셀러
5420,베이커리
5421,정점
5422,로스팅
5423,특색
5424,스페셜
5425,원두
5426,신사
5427,신사
5428,2000년대
5429,초반
5430,앨범
5431,구비
5432,공간
5433,본인
5434,강남구
5435,신사동 가로수길
5436,트리
5437,설치
5438,남구청
5439,강남구
5440,구청장
5441,조성
5442,관광객
5443,볼거리
5444,구간
5445,트리
5446,조형물
5447,설치
5448,나무
5449,화분
5450,방지
5451,작업
5452,실시
5453,트리
5454,니팅은
5455,주민
5456,친환경
5457,강남구
5458,위크
5459,뉴트
5460,향연
5461,강남구
5462,신사동 가로수길
5463,브랜드
5464,참가
5465,위크
5466,위크
5467,거리
5468,조성
5469,상권
5470,관광
5471,맞춤
5472,거리
5473,페스티벌
5474,이다
5475,유니크
5476,브랜드
5477,문화예술
5478,강남구
5479,의회
5480,위크
5481,개막식
5482,참석
5483,신사동 가로수길
5484,위크
5485,개막식
5486,참석
5487,강남구
5488,의회
5489,의원
5490,한강타임즈
5491,강남구
5492,의회
5493,의장
5494,대가
5495,신사동 가로수길
5496,위크
5497,개막식
5498,참석
5499,위크
5500,랄프스
5501,상륙
5502,초콜릿 케이크
5503,직원
5504,예상
5505,업계
5506,매장
5507,강남구
5508,신사동 가로수길
5509,위치
5510,예정
5511,시일
5512,작업
5513,방침
5514,일정
5515,않았다랄프스
5516,카페
5517,매장
5518,매장
5519,생활의 달인
5520,타코
5521,맛집
5522,아차산역
5523,삼성동
5524,경력
5525,13년
5526,경력
5527,20년
5528,이시우
5529,46
5530,47
5531,달인
5532,타코
5533,맛집
5534,강남구
5535,위치
5536,대한민국
5537,타코
5538,본연
5539,텍스
5540,맥스
5541,타코
5542,선사
5543,교양
5544,생활의 달인
5545,월요일
5546,녀석
5547,신사동 가로수길
5548,딤섬
5549,맛집
5550,위치
5551,샤오롱바오
5552,강남구
5553,거리
5554,위치
5555,딤섬
5556,맛집
5557,딤섬
5558,전문점
5559,이다
5560,이날
5561,샤오롱바오
5562,가우
5563,가우
5564,집중
5565,조명
5566,시청자
5567,침샘
5568,자극
5569,식당
5570,딤섬
5571,재료
5572,풍미
5573,이은정
5574,가족
5575,행복
5576,크리스마스
5577,기쁨
5578,선사
5579,8월 22일
5580,신사동 가로수길
5581,중심부
5582,패밀리
5583,라이프
5584,편집
5585,신사
5586,개성
5587,차별
5588,브랜드
5589,구축
5590,이은정
5591,정체성
5592,집약
5593,공간
5594,우리
5595,점포
5596,이름
5597,남은
5598,하지
5599,신사동 가로수길
5600,공실
5601,부동산
5602,컨설팅
5603,쿠시
5604,앤드
5605,웨이크필드
5606,분기
5607,리테일
5608,보고서
5609,분기
5610,상권
5611,평균
5612,공실
5613,작년
5614,분기
5615,대비
5616,포인트
5617,집계
5618,공실
5619,명동
5620,상권
5621,작년
5622,스토어
5623,신사동 가로수길
5624,스토어
5625,엔오에스세븐대표
5626,성미
5627,라이프
5628,브랜드
5629,NOS7엔오에스세븐이
5630,신사동 가로수길
5631,스토어
5632,NO
5633,S7
5634,휴일
5635,여유
5636,라이프
5637,브랜드
5638,편안
5639,착용감
5640,여유
5641,실루엣
5642,동네
5643,바퀴
5644,시골집
5645,식당
5646,약과
5647,동네
5648,바퀴
5649,소개
5650,강남구
5651,시골집
5652,맛집
5653,약과
5654,궁중
5655,주악
5656,맛집
5657,화제
5658,KBS1
5659,동네 한 바퀴
5660,압구정동
5661,천하장사
5662,이만기
5663,강남구
5664,동동
5665,추억
5666,치료
5667,인형
5668,종합병원
5669,40년
5670,남성
5671,수로
5672,공실
5673,기록
5674,가량
5675,감소
5676,관광객
5677,증감
5678,상권
5679,변화
5680,영향
5681,부동산
5682,통계
5683,분기
5684,이태원
5685,중대형
5686,공실
5687,전인
5688,분기
5689,수준
5690,회복
5691,레페
5692,12월
5693,신사동 가로수길
5694,크리에이터
5695,트렌드
5696,인사이트
5697,라이프
5698,비즈니스
5699,레페
5700,리가
5701,자체
5702,연구
5703,유튜브
5704,크리에이터
5705,추천
5706,데이터
5707,기반
5708,트렌드
5709,인사이트
5710,세미나
5711,유튜브
5712,데이터
5713,트렌드
5714,인사이트
5715,12월 15일
5716,행사장
5717,세미나
5718,레페
5719,리가
5720,12월
5721,이태리
5722,치맥
5723,주한
5724,대사
5725,교촌
5726,회장
5727,면담
5728,회장
5729,신사동 가로수길
5730,위치
5731,홍보
5732,페르디난도
5733,엘리
5734,주한
5735,무역
5736,공사
5737,관장
5738,주한
5739,상공회의소
5740,장과
5741,자재
5742,협력
5743,방안
5744,얘기
5745,교촌
5746,에프
5747,내년
5748,5월
5749,가을밤
5750,한강
5751,불꽃놀이
5752,개막
5753,공연
5754,강남구
5755,소리
5756,첫날
5757,신사동 가로수길
5758,신사
5759,신사
5760,구간
5761,거리
5762,브랜드
5763,부스
5764,지구
5765,오락실
5766,부스
5767,종의
5768,피크닉
5769,존 푸
5770,거리
5771,레페
5772,신사동 가로수길
5773,유튜버스
5774,어워즈
5775,레페
5776,크리에이터
5777,비즈니스
5778,레페
5779,신사동 가로수길
5780,유튜버스
5781,어워즈
5782,동안
5783,크리에이터
5784,추천
5785,브랜드
5786,선정
5787,시상
5788,시상식
5789,신사동 가로수길
5790,융합
5791,상영관
5792,융합
5793,상영관
5794,마노
5795,엔터테인먼트
5796,영화
5797,상영관
5798,시공간
5799,일체
5800,감상
5801,음료
5802,주류
5803,식사
5804,리셉션
5805,파티
5806,라운지
5807,별도
5808,굿즈샵
5809,공간
5810,마리
5811,스토어
5812,마리
5813,신사
5814,스토어
5815,마리
5816,신사
5817,스토어
5818,유동
5819,인구
5820,거리
5821,신사
5822,위치
5823,조화
5824,감성
5825,극대
5826,감각
5827,인테리어
5828,마리메꼬의
5829,가치
5830,공간
5831,마리
5832,신사
5833,스토어
5834,손흥민
5835,브랜드
5836,스토어
5837,신사동 가로수길
5838,스토어
5839,휴일
5840,여유
5841,라이프
5842,브랜드
5843,편안
5844,착용감
5845,여유
5846,실루엣
5847,순간
5848,자연
5849,제안
5850,제작
5851,과정
5852,퀄리티를
5853,추구
5854,기본
5855,5월
5856,어린이
5857,특집
5858,전시
5859,동물원
5860,동물원
5861,신사동 가로수길
5862,5월 1일
5863,5월 31일
5864,조각가
5865,선현
5866,전시
5867,동물원
5868,전시
5869,미디어
5870,가족
5871,동물
5872,이야기
5873,공감
5874,추억
5875,계기
5876,바람
5877,19
5878,신사
5879,스토어
5880,강남구
5881,신사동 가로수길
5882,위치
5883,19
5884,매장
5885,전경
5886,SW
5887,19
5888,강남구
5889,신사동 가로수길
5890,스토어
5891,스토어
5892,기념
5893,행사
5894,강훈
5895,김용
5896,바다
5897,참석
5898,19
5899,윔블던
5900,우편
5901,주소
5902,동심
5903,조각가
5904,선현
5905,동물원
5906,신사동 가로수길
5907,5월 1일
5908,조각가
5909,선현
5910,동물원
5911,전시
5912,미디어
5913,가족
5914,동물
5915,이야기
5916,공감
5917,추억
5918,계기
5919,바램
5920,상상
5921,5월
5922,어린이
5923,특집
5924,전시
5925,동물원
5926,신사동 가로수길
5927,조각가
5928,선현
5929,전시
5930,5월 1일
5931,전시
5932,미디어
5933,가족
5934,동물
5935,이야기
5936,공감
5937,추억
5938,계기
5939,바램
5940,상상
5941,세상
5942,르포
5943,상권
5944,흥망성쇠
5945,전형
5946,반면
5947,신사동 가로수길
5948,거리
5949,성장
5950,네트워크
5951,서비스
5952,SNS
5953,유행
5954,위기
5955,상권
5956,트렌드
5957,변화
5958,기사
5959,게재
5960,순서
5961,힙지로힙당동
5962,핫플레이스
5963,수익률
5964,르포
5965,상권
5966,흥망성쇠
5967,전형
5968,19
5969,신사
5970,스토어
5971,강남구
5972,신사동 가로수길
5973,스토어
5974,SW
5975,19
5976,변화
5977,프래그런스
5978,브랜드
5979,SW19에스더블유나인틴이
5980,9월 22일
5981,강남구
5982,신사동 가로수길
5983,스토어
5984,전날
5985,스토어
5986,스토어
5987,석이
5988,모던
5989,캐주얼
5990,브랜드
5991,스토어
5992,5월 18일
5993,신사동 가로수길
5994,외부
5995,미색
5996,폴리
5997,시드
5998,콘크리트
5999,무드
6000,연출
6001,메탈
6002,모던
6003,절제
6004,분위기
6005,강조
6006,지하층
6007,우드
6008,이은정
6009,키즈
6010,홀로
6011,성장
6012,8월 22일
6013,강남구
6014,신사동 가로수길
6015,신사
6016,스토어
6017,고리
6018,신사
6019,시대
6020,경우
6021,처음
6022,스토어
6023,석이
6024,모던
6025,캐주얼
6026,브랜드
6027,스토어
6028,신사동 가로수길
6029,공간
6030,스토어
6031,20년
6032,석이
6033,런웨이
6034,구조
6035,파사드
6036,미모
6037,강남구
6038,키츠
6039,스토어
6040,브랜드
6041,프레젠테이션
6042,이날
6043,행사
6044,상현
6045,참석
6046,입장
6047,포토
6048,과즙
6049,신사동 가로수길
6050,위치
6051,스토어
6052,패션
6053,행사
6054,참석
6055,빛으로
6056,가을밤
6057,한강
6058,강남구
6059,소리
6060,강남구
6061,구청장
6062,조성
6063,가을밤
6064,정취
6065,만끽
6066,행사
6067,소리
6068,10월 6일
6069,한강공원
6070,다목적
6071,운동장
6072,압구정동
6073,신사
6074,나들
6075,신사동 가로수길
6076,첫날
6077,오전
6078,구간
6079,신사동 가로수길
6080,알짜
6081,도산
6082,150
6083,매각
6084,입찰
6085,신사동 가로수길
6086,알짜
6087,도산
6088,150
6089,입찰
6090,투자은행
6091,IB
6092,업계
6093,스턴
6094,운용
6095,도산
6096,150
6097,입찰
6098,6월
6099,예정
6100,매각
6101,주간사
6102,컬리
6103,어스
6104,도산
6105,150
6106,상권
6107,의원
6108,클리닉
6109,대기업
6110,가로수
6111,거리
6112,초입
6113,도로변
6114,면적
6115,보증금
6116,공인중개사
6117,무소
6118,지난달
6119,강남구
6120,신사동 가로수길
6121,압구정로
6122,11
6123,곳곳
6124,대문
6125,표시
6126,출구
6127,초입
6128,도로변
6129,르포
6130,블핑
6131,제니
6132,거리
6133,초입
6134,도로변
6135,면적
6136,보증금
6137,공인중개사
6138,무소
6139,강남구
6140,신사동 가로수길
6141,압구정로
6142,11
6143,곳곳
6144,대문
6145,표시
6146,출구
6147,초입
6148,도로변
6149,프로
6150,랄프스커피
6151,유명
6152,굿즈폴로
6153,프로
6154,랄프스커피가
6155,신사동 가로수길
6156,프로
6157,매장
6158,첫선
6159,비즈니스
6160,포스트
6161,본고장
6162,미국
6163,전통
6164,패션
6165,브랜드
6166,프로
6167,소식
6168,아침
6169,그동안
6170,편집
6171,메인 로드
6172,이은정
6173,중용
6174,라이프
6175,편집
6176,신사동 가로수길
6177,메인 로드
6178,처음
6179,매장
6180,키즈
6181,초점
6182,패밀리
6183,라이프
6184,고리
6185,향수
6186,로드
6187,다트
6188,렌디
6189,패션
6190,라이프
6191,중심지
6192,신사동 가로수길
6193,패션
6194,아이템
6195,발견
6196,패션
6197,브랜드
6198,신사동 가로수길
6199,브랜드
6200,독립
6201,패션
6202,부티크
6203,밀집
6204,유니크
6205,고급
6206,분위기
6207,매장
6208,패션
6209,과거
6210,단발
6211,버건디
6212,나들이
6213,강남구
6214,신사동 가로수길
6215,포토
6216,행사
6217,참석
6218,이날
6219,분위기
6220,블랙
6221,슈트
6222,셋업
6223,착용
6224,도회
6225,블랙
6226,슈트
6227,그녀
6228,시크
6229,이미지
6230,부각
6231,스타
6232,면모
6233,땅값
6234,물주
6235,연예인
6236,누구
6237,스타
6238,부동산
6239,신사동 가로수길
6240,압구정역
6241,사이
6242,위치
6243,주택
6244,매매
6245,용도
6246,변경
6247,신축
6248,모델링
6249,건물
6250,이용
6251,신사동 가로수길
6252,상권
6253,연예인
6254,보유
6255,건물
6256,가치
6257,배로
6258,신사동 가로수길
6259,청소
6260,봄맞이
6261,캠프
6262,지영
6263,강남구
6264,구청장
6265,조성
6266,관내
6267,거리
6268,봄맞이
6269,청소
6270,실시
6271,주민
6272,환경
6273,정비
6274,캠페인
6275,이날
6276,행사
6277,동주
6278,직원
6279,청소
6280,강남구
6281,신사동 가로수길
6282,만국기
6283,양조
6284,장원
6285,국가
6286,국기
6287,광경
6288,관광객
6289,반가움
6290,내국인
6291,나라
6292,사랑
6293,마음
6294,앞으로
6295,시도
6296,관광객
6297,눈길
6298,발휘
6299,노력
6300,김진경
6301,강남구
6302,의원
6303,신사
6304,힐링
6305,조속
6306,건립
6307,촉구
6308,김진경
6309,의원
6310,상권
6311,활성
6312,신사동 가로수길
6313,거리
6314,도입
6315,제안
6316,의원
6317,5월 25일
6318,위크
6319,사례
6320,차량
6321,통제
6322,상권
6323,활성
6324,설명
6325,인도
6326,보행자
6327,차도
6328,횡단
6329,부활
6330,신호탄
6331,북적
6332,북적
6333,강남구
6334,신사동 가로수길
6335,명성
6336,패션
6337,부활
6338,조성
6339,향수
6340,로드
6341,마르지
6342,엘라
6343,폴레
6344,브랜드
6345,스토어
6346,조금
6347,활기
6348,유진
6349,나들이
6350,포토
6351,HD
6352,제로
6353,베이스
6354,유진
6355,강남구
6356,신사동 가로수길
6357,브랜드
6358,이벤트
6359,포토
6360,행사
6361,참석
6362,포토
6363,완벽
6364,자태
6365,신사동 가로수길
6366,위치
6367,마르지
6368,엘라
6369,프래그런스
6370,기념
6371,포토
6372,참석
6373,건물
6374,이특
6375,이웃
6376,부동산
6377,업계
6378,대지면적
6379,연면적
6380,가구
6381,주택
6382,4월
6383,매입
6384,토지
6385,원인
6386,건물
6387,부동산
6388,중개
6389,법인
6390,마르지
6391,엘라
6392,신사동 가로수길
6393,향수
6394,매장
6395,업계
6396,마르지
6397,엘라
6398,강남구
6399,신사동 가로수길
6400,매장
6401,향수
6402,예정
6403,현대백화점
6404,중동
6405,롯데백화점
6406,원점
6407,마르지
6408,엘라
6409,향수
6410,매장
6411,신규
6412,향수
6413,매장
6414,프래그런스
6415,매장
6416,향수
6417,매장
6418,추가
6419,강남구
6420,주년
6421,신사동 가로수길
6422,연중
6423,상시
6424,강남구
6425,신사동 가로수길
6426,구간
6427,양측
6428,가로
6429,등주
6430,만국기
6431,게양
6432,강남구
6433,강남구
6434,신사동 가로수길
6435,구간
6436,양측
6437,가로
6438,등주
6439,만국기
6440,게양
6441,주년
6442,게양
6443,신사동 가로수길
6444,강남구
6445,구청장
6446,조성
6447,구간
6448,양측
6449,가로
6450,등주
6451,만국기
6452,게양
6453,주년
6454,게양
6455,연중
6456,상시
6457,게양
6458,야간
6459,경관
6460,조명
6461,이색
6462,거리
6463,조성
6464,기대
6465,국경일
6466,르포
6467,요즘
6468,대신
6469,임대료
6470,상권
6471,안쪽
6472,식당
6473,이랑
6474,가게
6475,건물
6476,경비원
6477,강남구
6478,신사동 가로수길
6479,건물
6480,대부분
6481,대로
6482,초입
6483,임대
6484,문의
6485,공실
6486,방치
6487,모습
6488,한집
6489,아주
6490,컴퍼니
6491,러닝
6492,스페셜
6493,스토어
6494,아주
6495,컴퍼니
6496,신사동 가로수길
6497,러닝
6498,스페셜
6499,스토어
6500,레이스먼트RACEMENT의
6501,정식
6502,매장
6503,러너
6504,최고
6505,퍼포먼스
6506,발휘
6507,최적화
6508,서비스
6509,중점
6510,매장
6511,코코
6512,신사
6513,스토어
6514,2024년
6515,9월 6일
6516,반려
6517,인과
6518,반려
6519,동물
6520,반려
6521,라이프
6522,스토어
6523,코코
6524,강남구
6525,신사동 가로수길
6526,스토어
6527,TRA
6528,스토어
6529,정식
6530,명칭
6531,코코
6532,이탈리아어
6533,우리
6534,강남구
6535,신사동 가로수길
6536,국경일
6537,게양
6538,국경일
6539,만국기
6540,동시
6541,게양
6542,이색
6543,거리
6544,조성
6545,강남구
6546,구청장
6547,조성
6548,구간
6549,양측
6550,가로
6551,등주
6552,만국기
6553,게양
6554,장원
6555,동장
6556,소인
6557,게양
6558,국경일
6559,슈퍼주니어
6560,이특
6561,부동산
6562,실력
6563,어디
6564,건물
6565,이특
6566,매입
6567,건물
6568,강남구
6569,신사동 가로수길
6570,위치
6571,건물
6572,주택
6573,상태
6574,건물
6575,용도
6576,변경
6577,가치
6578,8월
6579,준공
6580,건물
6581,영어
6582,유치원
6583,이특
6584,건물
6585,주상
6586,연예
6587,부동산
6588,전문가
6589,이특
6590,건물
6591,건물
6592,신사동 가로수길
6593,위치
6594,주택
6595,상태
6596,건물
6597,용도
6598,변경
6599,가치
6600,8월
6601,준공
6602,건물
6603,영어
6604,유치원
6605,상태
6606,이사
6607,한국경제
6608,이특
6609,건물
6610,매입
6611,시세
6612,이제
6613,건물
6614,아내
6615,법인
6616,명의
6617,매입
6618,압구정역
6619,도보
6620,거리
6621,위치
6622,신사동 가로수길
6623,입지
6624,상급
6625,상권
6626,건물
6627,주가
6628,스타
6629,대열
6630,합류
6631,은비
6632,건물
6633,주가
6634,공효진
6635,시세
6636,차익
6637,건물
6638,박서준
6639,부동산
6640,성공
6641,건물
6642,4년
6643,신사동 가로수길
6644,압구정로데오거리
6645,도산공원
6646,지속
6647,가운데
6648,박서준
6649,건물
6650,맞은편
6651,위치
6652,건물
6653,박서준
6654,건물
6655,이상
6656,거래
6657,시세
6658,차익
6659,건물
6660,이특
6661,노미
6662,부동
6663,이특
6664,매입
6665,건물
6666,신사동 가로수길
6667,위치
6668,주택
6669,상태
6670,건물
6671,용도
6672,변경
6673,가치
6674,8월
6675,준공
6676,건물
6677,영어
6678,유치원
6679,이특
6680,건물
6681,주상
6682,트리
6683,마제
6684,저가
6685,분양
6686,이제
6687,건물
6688,아내
6689,법인
6690,명의
6691,매입
6692,압구정역
6693,도보
6694,거리
6695,위치
6696,신사동 가로수길
6697,입지
6698,상급
6699,상권
6700,건물
6701,주가
6702,스타
6703,대열
6704,합류
6705,은비
6706,건물
6707,주가
6708,공효진
6709,시세
6710,차익
6711,건물
6712,슈퍼주니어
6713,이특
6714,건물
6715,신사동 가로수길
6716,위치
6717,8월
6718,준공
6719,영어
6720,유치원
6721,상태
6722,이특
6723,건물
6724,주상
6725,트리
6726,마제
6727,분양
6728,3월
6729,MBC 라디오
6730,스타
6731,출연
6732,부동산
6733,관심
6734,구입
6735,녹화
6736,박서준
6737,부동산
6738,성공
6739,건물
6740,4년
6741,신사동 가로수길
6742,압구정로데오거리
6743,도산공원
6744,지속
6745,가운데
6746,박서준
6747,건물
6748,맞은편
6749,위치
6750,건물
6751,박서준
6752,건물
6753,이상
6754,거래
6755,시세
6756,차익
6757,건물
6758,이특
6759,노미
6760,부동
6761,이특
6762,매입
6763,건물
6764,신사동 가로수길
6765,위치
6766,주택
6767,상태
6768,건물
6769,용도
6770,변경
6771,가치
6772,8월
6773,준공
6774,건물
6775,영어
6776,유치원
6777,이특
6778,건물
6779,주상
6780,트리
6781,마제
6782,저가
6783,분양
6784,조우
6785,데님
6786,신사동 가로수길
6787,스토어
6788,조우
6789,슬로건
6790,시각
6791,완성
6792,제품군
6793,기본
6794,아이템
6795,형식
6796,주간
6797,이벤트
6798,캐주얼
6799,분위기
6800,데님
6801,조우
6802,스토어
6803,카페
6804,공명
6805,지점
6806,첫날
6807,대기
6808,행렬
6809,카페
6810,브랜드
6811,카페
6812,공명
6813,매장
6814,11월 1일
6815,신사
6816,랜드
6817,사전
6818,신청자
6819,대중
6820,관심
6821,랜드
6822,당일
6823,포토
6824,신사
6825,강남구
6826,신사동 가로수길
6827,마르지
6828,엘라
6829,프래그런스
6830,기념
6831,포토
6832,참석
6833,이날
6834,행사
6835,제로
6836,베이스
6837,유진
6838,참석
6839,향수
6840,퓨저
6841,로션
6842,샤워
6843,마르지
6844,엘라
6845,모임
6846,클럽
6847,클럽
6848,사실
6849,지하철
6850,애용
6851,느낌
6852,신사
6853,클럽
6854,이름
6855,젠틀맨
6856,모임
6857,사실
6858,신사
6859,클럽
6860,최악
6861,이름
6862,클럽
6863,생각
6864,패션
6865,칸나
6866,전시회
6867,전시회
6868,브랜드
6869,관련
6870,업계
6871,통가
6872,바이어
6873,관심
6874,호응
6875,전통
6876,장인
6877,정신
6878,신발
6879,가방
6880,액세서리
6881,브랜드
6882,참가
6883,아니타
6884,발라
6885,캐시
6886,카페
6887,공명
6888,지점
6889,카페
6890,공명
6891,매장
6892,셀러
6893,베이커리
6894,정점
6895,로스팅
6896,특색
6897,스페셜
6898,원두
6899,신사
6900,신사
6901,2000년대
6902,초반
6903,앨범
6904,구비
6905,공간
6906,본인
6907,패션
6908,칸나
6909,전시회
6910,전시회
6911,브랜드
6912,관련
6913,업계
6914,통가
6915,바이어
6916,관심
6917,호응
6918,전통
6919,장인
6920,정신
6921,신발
6922,가방
6923,액세서리
6924,브랜드
6925,참가
6926,아니타
6927,발라
6928,캐시
6929,카페
6930,공명
6931,지점
6932,카페
6933,공명
6934,매장
6935,셀러
6936,베이커리
6937,정점
6938,로스팅
6939,특색
6940,스페셜
6941,원두
6942,신사
6943,신사
6944,2000년대
6945,초반
6946,앨범
6947,구비
6948,공간
6949,본인
6950,강남구
6951,신사동 가로수길
6952,트리
6953,설치
6954,남구청
6955,강남구
6956,구청장
6957,조성
6958,관광객
6959,볼거리
6960,구간
6961,트리
6962,조형물
6963,설치
6964,나무
6965,화분
6966,방지
6967,작업
6968,실시
6969,트리
6970,니팅은
6971,주민
6972,친환경
6973,강남구
6974,형상화
6975,파사드
6976,조명
6977,선봬랄프
6978,주최
6979,강남구
6980,후원
6981,행사
6982,신사동 가로수길
6983,활성
6984,민관
6985,협력
6986,건물
6987,31
6988,고풍
6989,외관
6990,기둥
6991,건물
6992,사면
6993,유리창
6994,자랑
6995,건물
6996,건물
6997,외벽
6998,조명
6999,활용
7000,브랜드
7001,성장
7002,강남구
7003,위크
7004,뉴트
7005,향연
7006,강남구
7007,신사동 가로수길
7008,브랜드
7009,참가
7010,위크
7011,위크
7012,거리
7013,조성
7014,상권
7015,관광
7016,맞춤
7017,거리
7018,페스티벌
7019,이다
7020,유니크
7021,브랜드
7022,문화예술
7023,강남구
7024,의회
7025,위크
7026,개막식
7027,참석
7028,신사동 가로수길
7029,위크
7030,개막식
7031,참석
7032,강남구
7033,의회
7034,의원
7035,한강타임즈
7036,강남구
7037,의회
7038,의장
7039,대가
7040,신사동 가로수길
7041,위크
7042,개막식
7043,참석
7044,위크
7045,랄프스
7046,상륙
7047,초콜릿 케이크
7048,직원
7049,예상
7050,업계
7051,매장
7052,강남구
7053,신사동 가로수길
7054,위치
7055,예정
7056,시일
7057,작업
7058,방침
7059,일정
7060,않았다랄프스
7061,카페
7062,매장
7063,매장
7064,생활의 달인
7065,타코
7066,맛집
7067,아차산역
7068,삼성동
7069,경력
7070,13년
7071,경력
7072,20년
7073,이시우
7074,46
7075,47
7076,달인
7077,타코
7078,맛집
7079,강남구
7080,위치
7081,대한민국
7082,타코
7083,본연
7084,텍스
7085,맥스
7086,타코
7087,선사
7088,교양
7089,생활의 달인
7090,월요일
7091,녀석
7092,신사동 가로수길
7093,딤섬
7094,맛집
7095,위치
7096,샤오롱바오
7097,강남구
7098,거리
7099,위치
7100,딤섬
7101,맛집
7102,딤섬
7103,전문점
7104,이다
7105,이날
7106,샤오롱바오
7107,가우
7108,가우
7109,집중
7110,조명
7111,시청자
7112,침샘
7113,자극
7114,식당
7115,딤섬
7116,재료
7117,풍미
7118,이은정
7119,가족
7120,행복
7121,크리스마스
7122,기쁨
7123,선사
7124,8월 22일
7125,신사동 가로수길
7126,중심부
7127,패밀리
7128,라이프
7129,편집
7130,신사
7131,개성
7132,차별
7133,브랜드
7134,구축
7135,이은정
7136,정체성
7137,집약
7138,공간
7139,우리
7140,강남구
7141,뉴트
7142,싸이월드
7143,감성
7144,강남구
7145,구청장
7146,조성
7147,명가
7148,신사동 가로수길
7149,브랜드
7150,참가
7151,위크
7152,위크
7153,거리
7154,조성
7155,상권
7156,관광
7157,맞춤
7158,거리
7159,문화예술
7160,공존
7161,랄프스
7162,상륙
7163,초콜릿 케이크
7164,직원
7165,예상
7166,업계
7167,매장
7168,강남구
7169,신사동 가로수길
7170,위치
7171,예정
7172,시일
7173,작업
7174,방침
7175,일정
7176,않았다랄프스
7177,카페
7178,매장
7179,매장
7180,생활의 달인
7181,타코
7182,맛집
7183,아차산역
7184,삼성동
7185,경력
7186,13년
7187,경력
7188,20년
7189,이시우
7190,46
7191,47
7192,달인
7193,타코
7194,맛집
7195,강남구
7196,위치
7197,대한민국
7198,타코
7199,본연
7200,텍스
7201,맥스
7202,타코
7203,선사
7204,교양
7205,생활의 달인
7206,월요일
7207,녀석
7208,신사동 가로수길
7209,딤섬
7210,맛집
7211,위치
7212,샤오롱바오
7213,강남구
7214,거리
7215,위치
7216,딤섬
7217,맛집
7218,딤섬
7219,전문점
7220,이다
7221,이날
7222,샤오롱바오
7223,가우
7224,가우
7225,집중
7226,조명
7227,시청자
7228,침샘
7229,자극
7230,식당
7231,딤섬
7232,재료
7233,풍미
7234,이은정
7235,가족
7236,행복
7237,크리스마스
7238,기쁨
7239,선사
7240,8월 22일
7241,신사동 가로수길
7242,중심부
7243,패밀리
7244,라이프
7245,편집
7246,신사
7247,개성
7248,차별
7249,브랜드
7250,구축
7251,이은정
7252,정체성
7253,집약
7254,공간
7255,우리
7256,점포
7257,이름
7258,남은
7259,하지
7260,신사동 가로수길
7261,공실
7262,부동산
7263,컨설팅
7264,쿠시
7265,앤드
7266,웨이크필드
7267,분기
7268,리테일
7269,보고서
7270,분기
7271,상권
7272,평균
7273,공실
7274,작년
7275,분기
7276,대비
7277,포인트
7278,집계
7279,공실
7280,명동
7281,상권
7282,작년
7283,스토어
7284,신사동 가로수길
7285,스토어
7286,엔오에스세븐대표
7287,성미
7288,라이프
7289,브랜드
7290,NOS7엔오에스세븐이
7291,신사동 가로수길
7292,스토어
7293,NO
7294,S7
7295,휴일
7296,여유
7297,라이프
7298,브랜드
7299,편안
7300,착용감
7301,여유
7302,실루엣
7303,동네
7304,바퀴
7305,시골집
7306,식당
7307,약과
7308,동네
7309,바퀴
7310,소개
7311,강남구
7312,시골집
7313,맛집
7314,약과
7315,궁중
7316,주악
7317,맛집
7318,화제
7319,KBS1
7320,동네 한 바퀴
7321,압구정동
7322,천하장사
7323,이만기
7324,강남구
7325,동동
7326,추억
7327,치료
7328,인형
7329,종합병원
7330,40년
7331,남성
7332,수로
7333,공실
7334,기록
7335,가량
7336,감소
7337,관광객
7338,증감
7339,상권
7340,변화
7341,영향
7342,부동산
7343,통계
7344,분기
7345,이태원
7346,중대형
7347,공실
7348,전인
7349,분기
7350,수준
7351,회복
7352,레페
7353,12월
7354,신사동 가로수길
7355,크리에이터
7356,트렌드
7357,인사이트
7358,라이프
7359,비즈니스
7360,레페
7361,리가
7362,자체
7363,연구
7364,유튜브
7365,크리에이터
7366,추천
7367,데이터
7368,기반
7369,트렌드
7370,인사이트
7371,세미나
7372,유튜브
7373,데이터
7374,트렌드
7375,인사이트
7376,12월 15일
7377,행사장
7378,세미나
7379,레페
7380,리가
7381,12월
7382,남성
7383,수로
7384,공실
7385,기록
7386,가량
7387,감소
7388,관광객
7389,증감
7390,상권
7391,변화
7392,영향
7393,부동산
7394,통계
7395,분기
7396,이태원
7397,중대형
7398,공실
7399,전인
7400,분기
7401,수준
7402,회복
7403,레페
7404,12월
7405,신사동 가로수길
7406,크리에이터
7407,트렌드
7408,인사이트
7409,라이프
7410,비즈니스
7411,레페
7412,리가
7413,자체
7414,연구
7415,유튜브
7416,크리에이터
7417,추천
7418,데이터
7419,기반
7420,트렌드
7421,인사이트
7422,세미나
7423,유튜브
7424,데이터
7425,트렌드
7426,인사이트
7427,12월 15일
7428,행사장
7429,세미나
7430,레페
7431,리가
7432,12월
7433,이태리
7434,치맥
7435,주한
7436,대사
7437,교촌
7438,회장
7439,면담
7440,회장
7441,신사동 가로수길
7442,위치
7443,홍보
7444,페르디난도
7445,엘리
7446,주한
7447,무역
7448,공사
7449,관장
7450,주한
7451,상공회의소
7452,장과
7453,자재
7454,협력
7455,방안
7456,얘기
7457,교촌
7458,에프
7459,내년
7460,5월
7461,가을밤
7462,한강
7463,불꽃놀이
7464,개막
7465,공연
7466,강남구
7467,소리
7468,첫날
7469,신사동 가로수길
7470,신사
7471,신사
7472,구간
7473,거리
7474,브랜드
7475,부스
7476,지구
7477,오락실
7478,부스
7479,종의
7480,피크닉
7481,존 푸
7482,거리
7483,강남구
7484,소리
7485,첫날
7486,신사동 가로수길
7487,신사
7488,신사
7489,구간
7490,거리
7491,브랜드
7492,부스
7493,지구
7494,오락실
7495,부스
7496,종의
7497,피크닉
7498,존 푸
7499,거리
7500,강남구
7501,뉴트
7502,주제
7503,위크
7504,여개
7505,브랜드
7506,참가
7507,강남구
7508,신사동 가로수길
7509,여개
7510,브랜드
7511,참가
7512,위크
7513,위크
7514,거리
7515,조성
7516,상권
7517,페스티벌
7518,뉴트
7519,테마
7520,행사
7521,첫날
7522,레페
7523,신사동 가로수길
7524,유튜버스
7525,어워즈
7526,레페
7527,크리에이터
7528,비즈니스
7529,레페
7530,신사동 가로수길
7531,유튜버스
7532,어워즈
7533,동안
7534,크리에이터
7535,추천
7536,브랜드
7537,선정
7538,시상
7539,시상식
7540,신사동 가로수길
7541,융합
7542,상영관
7543,융합
7544,상영관
7545,마노
7546,엔터테인먼트
7547,영화
7548,상영관
7549,시공간
7550,일체
7551,감상
7552,음료
7553,주류
7554,식사
7555,리셉션
7556,파티
7557,라운지
7558,별도
7559,굿즈샵
7560,공간
7561,마리
7562,스토어
7563,마리
7564,신사
7565,스토어
7566,마리
7567,신사
7568,스토어
7569,유동
7570,인구
7571,거리
7572,신사
7573,위치
7574,조화
7575,감성
7576,극대
7577,감각
7578,인테리어
7579,마리메꼬의
7580,가치
7581,공간
7582,마리
7583,신사
7584,스토어
7585,손흥민
7586,브랜드
7587,스토어
7588,신사동 가로수길
7589,스토어
7590,휴일
7591,여유
7592,라이프
7593,브랜드
7594,편안
7595,착용감
7596,여유
7597,실루엣
7598,순간
7599,자연
7600,제안
7601,제작
7602,과정
7603,퀄리티를
7604,추구
7605,기본
7606,손흥민
7607,브랜드
7608,스토어
7609,신사동 가로수길
7610,스토어
7611,휴일
7612,여유
7613,라이프
7614,브랜드
7615,편안
7616,착용감
7617,여유
7618,실루엣
7619,순간
7620,자연
7621,제안
7622,제작
7623,과정
7624,퀄리티를
7625,추구
7626,기본
7627,5월
7628,어린이
7629,특집
7630,전시
7631,동물원
7632,동물원
7633,신사동 가로수길
7634,5월 1일
7635,5월 31일
7636,조각가
7637,선현
7638,전시
7639,동물원
7640,전시
7641,미디어
7642,가족
7643,동물
7644,이야기
7645,공감
7646,추억
7647,계기
7648,바람
7649,19
7650,신사
7651,스토어
7652,강남구
7653,신사동 가로수길
7654,위치
7655,19
7656,매장
7657,전경
7658,SW
7659,19
7660,강남구
7661,신사동 가로수길
7662,스토어
7663,스토어
7664,기념
7665,행사
7666,강훈
7667,김용
7668,바다
7669,참석
7670,19
7671,윔블던
7672,우편
7673,주소
7674,스토어
7675,라이프
7676,브랜드
7677,NOS7엔오에스세븐이
7678,신사동 가로수길
7679,스토어
7680,NO
7681,S7
7682,휴일
7683,여유
7684,라이프
7685,브랜드
7686,편안
7687,착용감
7688,여유
7689,실루엣
7690,순간
7691,자연
7692,제안
7693,제작
7694,과정
7695,퀄리티를
7696,추구
7697,동심
7698,조각가
7699,선현
7700,동물원
7701,신사동 가로수길
7702,5월 1일
7703,조각가
7704,선현
7705,동물원
7706,전시
7707,미디어
7708,가족
7709,동물
7710,이야기
7711,공감
7712,추억
7713,계기
7714,바램
7715,상상
7716,5월
7717,어린이
7718,특집
7719,전시
7720,동물원
7721,신사동 가로수길
7722,조각가
7723,선현
7724,전시
7725,5월 1일
7726,전시
7727,미디어
7728,가족
7729,동물
7730,이야기
7731,공감
7732,추억
7733,계기
7734,바램
7735,상상
7736,세상
7737,르포
7738,상권
7739,흥망성쇠
7740,전형
7741,반면
7742,신사동 가로수길
7743,거리
7744,성장
7745,네트워크
7746,서비스
7747,SNS
7748,유행
7749,위기
7750,상권
7751,트렌드
7752,변화
7753,기사
7754,게재
7755,순서
7756,힙지로힙당동
7757,핫플레이스
7758,수익률
7759,르포
7760,상권
7761,흥망성쇠
7762,전형
7763,19
7764,신사
7765,스토어
7766,강남구
7767,신사동 가로수길
7768,스토어
7769,SW
7770,19
7771,변화
7772,프래그런스
7773,브랜드
7774,SW19에스더블유나인틴이
7775,9월 22일
7776,강남구
7777,신사동 가로수길
7778,스토어
7779,전날
7780,스토어
7781,스토어
7782,석이
7783,모던
7784,캐주얼
7785,브랜드
7786,스토어
7787,5월 18일
7788,신사동 가로수길
7789,외부
7790,미색
7791,폴리
7792,시드
7793,콘크리트
7794,무드
7795,연출
7796,메탈
7797,모던
7798,절제
7799,분위기
7800,강조
7801,지하층
7802,우드
7803,유경
7804,제행
7805,강남구
7806,의회
7807,김진경
7808,의원
7809,임시회
7810,본회의
7811,김진경
7812,의원
7813,상권
7814,활성
7815,신사동 가로수길
7816,거리
7817,도입
7818,제안
7819,의원
7820,5월 25일
7821,위크
7822,사례
7823,차량
7824,통제
7825,상권
7826,활성
7827,설명
7828,인도
7829,보행자
7830,차도
7831,횡단
7832,르포
7833,상권
7834,흥망성쇠
7835,전형
7836,반면
7837,신사동 가로수길
7838,거리
7839,성장
7840,네트워크
7841,서비스
7842,SNS
7843,유행
7844,위기
7845,상권
7846,트렌드
7847,변화
7848,기사
7849,게재
7850,순서
7851,힙지로힙당동
7852,핫플레이스
7853,수익률
7854,르포
7855,상권
7856,흥망성쇠
7857,전형
7858,19
7859,신사
7860,스토어
7861,강남구
7862,신사동 가로수길
7863,스토어
7864,SW
7865,19
7866,변화
7867,프래그런스
7868,브랜드
7869,SW19에스더블유나인틴이
7870,9월 22일
7871,강남구
7872,신사동 가로수길
7873,스토어
7874,전날
7875,스토어
7876,스토어
7877,석이
7878,모던
7879,캐주얼
7880,브랜드
7881,스토어
7882,5월 18일
7883,신사동 가로수길
7884,외부
7885,미색
7886,폴리
7887,시드
7888,콘크리트
7889,무드
7890,연출
7891,메탈
7892,모던
7893,절제
7894,분위기
7895,강조
7896,지하층
7897,우드
7898,유경
7899,제행
7900,강남구
7901,의회
7902,김진경
7903,의원
7904,임시회
7905,본회의
7906,김진경
7907,의원
7908,상권
7909,활성
7910,신사동 가로수길
7911,거리
7912,도입
7913,제안
7914,의원
7915,5월 25일
7916,위크
7917,사례
7918,차량
7919,통제
7920,상권
7921,활성
7922,설명
7923,인도
7924,보행자
7925,차도
7926,횡단
7927,이은정
7928,키즈
7929,홀로
7930,성장
7931,8월 22일
7932,강남구
7933,신사동 가로수길
7934,신사
7935,스토어
7936,고리
7937,신사
7938,시대
7939,경우
7940,처음
7941,스토어
7942,석이
7943,모던
7944,캐주얼
7945,브랜드
7946,스토어
7947,신사동 가로수길
7948,공간
7949,스토어
7950,20년
7951,석이
7952,런웨이
7953,구조
7954,파사드
7955,브랜드
7956,정체성
7957,스토어
7958,석이
7959,모던
7960,캐주얼
7961,브랜드
7962,스토어
7963,5월 18일
7964,신사동 가로수길
7965,공간
7966,스토어
7967,20년
7968,석이
7969,런웨이
7970,선현
7971,조각가
7972,동물원
7973,전시
7974,신사동 가로수길
7975,위치
7976,선현
7977,조각가
7978,당진
7979,당진
7980,진중
7981,서고
7982,졸업
7983,관동
7984,소과
7985,라라
7986,국립
7987,미술
7988,아카데미
7989,졸업
7990,동물원
7991,어린이
7992,동물
7993,목조각
7994,세상
7995,신사동 가로수길
7996,위치
7997,전통
7998,미학
7999,헤리티지
8000,생산
8001,컴퍼니
8002,15년
8003,이력
8004,공예
8005,영역
8006,전시
8007,5월 1일
8008,5월 31일
8009,만남
8010,전시
8011,목욕
8012,신사동 가로수길
8013,나이
8014,스웨
8015,하반기
8016,주력
8017,기회
8018,스페셜
8019,한정
8020,이벤트
8021,프로모션
8022,예고
8023,경제
8024,목욕
8025,기반
8026,라이프
8027,브랜드
8028,개념
8029,편집
8030,나이
8031,스웨
8032,스토어
8033,애프터
8034,스토어
8035,석이
8036,모던
8037,캐주얼
8038,브랜드
8039,스토어
8040,5월 18일
8041,신사동 가로수길
8042,공간
8043,스토어
8044,20년
8045,석이
8046,런웨이
8047,구조
8048,선현
8049,조각가
8050,동물원
8051,전시
8052,신사동 가로수길
8053,위치
8054,선현
8055,조각가
8056,당진
8057,당진
8058,진중
8059,서고
8060,졸업
8061,관동
8062,소과
8063,라라
8064,국립
8065,미술
8066,아카데미
8067,졸업
8068,동물원
8069,어린이
8070,동물
8071,목조각
8072,세상
8073,신사동 가로수길
8074,위치
8075,전통
8076,미학
8077,헤리티지
8078,생산
8079,컴퍼니
8080,15년
8081,이력
8082,공예
8083,영역
8084,전시
8085,5월 1일
8086,5월 31일
8087,만남
8088,전시
8089,목욕
8090,신사동 가로수길
8091,나이
8092,스웨
8093,하반기
8094,주력
8095,기회
8096,스페셜
8097,한정
8098,이벤트
8099,프로모션
8100,예고
8101,경제
8102,목욕
8103,기반
8104,라이프
8105,브랜드
8106,개념
8107,편집
8108,나이
8109,스웨
8110,스토어
8111,애프터
8112,프래그런스
8113,브랜드
8114,19
8115,신사
8116,스토어
8117,오시
8118,변화
8119,프래그런스
8120,브랜드
8121,SW19에스더블유나인틴
8122,강정훈
8123,신사동 가로수길
8124,스토어
8125,전날
8126,스토어
8127,행사
8128,강훈
8129,김용
8130,바다
8131,참석
8132,19
8133,윔블던
8134,런웨이
8135,신사
8136,석이
8137,모던
8138,캐주얼
8139,브랜드
8140,스토어
8141,신사동 가로수길
8142,석이
8143,모던
8144,캐주얼
8145,브랜드
8146,스토어
8147,공간
8148,한복판
8149,공간
8150,성지
8151,라고
8152,신사동 가로수길
8153,공간
8154,서울 지하철 3호선
8155,압구정역
8156,출구
8157,도보
8158,10분
8159,거리
8160,위치
8161,폐업
8162,유령
8163,종각
8164,상권
8165,지각
8166,변동
8167,상권
8168,종각역
8169,신사동 가로수길
8170,거리
8171,전락
8172,상권
8173,핵심
8174,역할
8175,폐업
8176,신고
8177,속출
8178,신동호
8179,종로구
8180,젊음
8181,거리
8182,구름
8183,의미
8184,매경
8185,TV
8186,핫플레이스
8187,분기
8188,핫플은
8189,순라
8190,동네
8191,주민
8192,매출
8193,분석
8194,한식
8195,교대
8196,한식
8197,신사
8198,외국
8199,패스트푸드
8200,익선동
8201,순라
8202,종로
8203,거주자
8204,거주자
8205,매출액
8206,비중
8207,차이
8208,상권
8209,거주자
8210,거주자
8211,매출액
8212,비중
8213,차이
8214,라면
8215,거주자
8216,전체
8217,매출액
8218,한식
8219,차지
8220,비중
8221,신사동 가로수길
8222,서머
8223,이벤트
8224,삼성물산
8225,패션
8226,브랜드
8227,강남구
8228,신사동 가로수길
8229,스토어
8230,서머
8231,이벤트
8232,이벤트
8233,스토어
8234,인증
8235,본인
8236,인스타그램
8237,계정
8238,해시태그
8239,가로수
8240,생방송
8241,투데이
8242,신사동 가로수길
8243,프라이드
8244,치킨
8245,플래터
8246,버거
8247,강남구
8248,거리
8249,위치
8250,프라이드
8251,치킨
8252,플래터
8253,가슴
8254,버거
8255,맛집
8256,감각
8257,요리
8258,핫플레이스다
8259,치킨
8260,가슴
8261,햄버거
8262,허벅
8263,다리
8264,햄버거
8265,정보
8266,생방송
8267,투데이
8268,평일
8269,저녁
8270,코코
8271,신사
8272,스토어
8273,펫프렌들리
8274,라이프
8275,브랜드
8276,코코
8277,9월
8278,신사
8279,스토어
8280,스토어
8281,TOGETHER리브
8282,투게더
8283,슬로건
8284,반려
8285,반려
8286,동물
8287,반려
8288,라이프
8289,공간
8290,션 리
8291,브랜드
8292,논픽션
8293,신사
8294,그니
8295,스토어
8296,매개
8297,내면
8298,표현
8299,라이프
8300,브랜드
8301,논픽션
8302,신사
8303,그니
8304,스토어
8305,스토어
8306,조향사
8307,향료의
8308,이상
8309,배합
8310,탐색
8311,신중
8312,수작업
8313,부착
8314,마감
8315,오크
8316,원목
8317,바닥
8318,자연
8319,신사동 가로수길
8320,금융
8321,연결
8322,신사동 가로수길
8323,위치
8324,에어드랍AirDrop
8325,스페이스
8326,프로젝트 A
8327,RT
8328,시도
8329,라이프
8330,브랜드
8331,논픽션
8332,신사
8333,그니
8334,스토어
8335,매개
8336,내면
8337,표현
8338,라이프
8339,브랜드
8340,논픽션
8341,신사
8342,그니
8343,스토어
8344,스토어
8345,조향사
8346,향료의
8347,이상
8348,배합
8349,탐색
8350,신중
8351,수작업
8352,부착
8353,마감
8354,오크
8355,원목
8356,바닥
8357,자연
8358,랜드
8359,한눈
8360,신사동 가로수길
8361,랜드
8362,신사동 가로수길
8363,랜드
8364,랜드
8365,신사동 가로수길
8366,랜드
8367,르포
8368,제니
8369,핫플가로수길은
8370,산하
8371,임대
8372,점포
8373,정리
8374,완전
8375,폐업
8376,공실
8377,인증
8378,한때
8379,패션
8380,성지
8381,강남구
8382,신사동 가로수길
8383,명성
8384,머니
8385,거리
8386,대로
8387,초입
8388,녀석
8389,신사동 가로수길
8390,마라탕
8391,맛집
8392,위치
8393,가지
8394,녀석
8395,화합
8396,특집
8397,맛집
8398,소개
8399,신사동 가로수길
8400,마라탕
8401,식당
8402,화제
8403,녀석
8404,스트레스
8405,타파
8406,특집
8407,마라탕
8408,꼬치구이
8409,맛집
8410,조명
8411,유민상
8412,이수지
8413,데프콘
8414,해주
8415,인방
8416,홍대입구역
8417,꼬치구이
8418,일식당
8419,랭앤루
8420,피크닉
8421,홍정우
8422,여성
8423,브랜드
8424,랭앤루가
8425,신사동 가로수길
8426,피크닉
8427,스토어
8428,매장
8429,식물
8430,활용
8431,랭앤루의
8432,페미닌한
8433,아이템
8434,캐주얼
8435,라인
8436,아이템
8437,피크닉
8438,브랜드
8439,랭앤루
8440,스토어
8441,브랜드
8442,랭앤루LANGLU는
8443,신사동 가로수길
8444,스토어
8445,스프링
8446,아이템
8447,캐주얼
8448,라인
8449,스토어
8450,피크닉샵PICNIC
8451,논픽션
8452,신사
8453,그니
8454,스토어
8455,문선
8456,매개
8457,내면
8458,표현
8459,라이프
8460,브랜드
8461,논픽션
8462,신사
8463,그니
8464,스토어
8465,에너지
8466,역동
8467,도심
8468,조각
8469,고요
8470,논픽션
8471,신사
8472,브랜드
8473,취향
8474,디스플레이
8475,공간
8476,랜드
8477,한눈
8478,신사동 가로수길
8479,랜드
8480,신사동 가로수길
8481,랜드
8482,랜드
8483,신사동 가로수길
8484,랜드
8485,르포
8486,제니
8487,핫플가로수길은
8488,산하
8489,임대
8490,점포
8491,정리
8492,완전
8493,폐업
8494,공실
8495,인증
8496,한때
8497,패션
8498,성지
8499,강남구
8500,신사동 가로수길
8501,명성
8502,머니
8503,거리
8504,대로
8505,초입
8506,녀석
8507,신사동 가로수길
8508,마라탕
8509,맛집
8510,위치
8511,가지
8512,녀석
8513,화합
8514,특집
8515,맛집
8516,소개
8517,신사동 가로수길
8518,마라탕
8519,식당
8520,화제
8521,녀석
8522,스트레스
8523,타파
8524,특집
8525,마라탕
8526,꼬치구이
8527,맛집
8528,조명
8529,유민상
8530,이수지
8531,데프콘
8532,해주
8533,인방
8534,홍대입구역
8535,꼬치구이
8536,일식당
8537,랭앤루
8538,피크닉
8539,홍정우
8540,여성
8541,브랜드
8542,랭앤루가
8543,신사동 가로수길
8544,피크닉
8545,스토어
8546,매장
8547,식물
8548,활용
8549,랭앤루의
8550,페미닌한
8551,아이템
8552,캐주얼
8553,라인
8554,아이템
8555,피크닉
8556,브랜드
8557,랭앤루
8558,스토어
8559,브랜드
8560,랭앤루LANGLU는
8561,신사동 가로수길
8562,스토어
8563,스프링
8564,아이템
8565,캐주얼
8566,라인
8567,스토어
8568,피크닉샵PICNIC
8569,신사동 가로수길
8570,행사
8571,실시
8572,신사동 가로수길
8573,위치
8574,에어드랍AirDrop
8575,스페이스
8576,토큰
8577,발행
8578,시도
8579,카드
8580,플레이
8581,신사동 가로수길
8582,신사동 가로수길
8583,위치
8584,스페이스
8585,플레이
8586,유령
8587,충격
8588,근황
8589,딥데신사동은
8590,거리
8591,이곳
8592,물가
8593,물가
8594,버거워졌다는
8595,분석
8596,이은희
8597,인하대
8598,소비자학
8599,교수
8600,요즘
8601,청년
8602,물가
8603,배달
8604,와중
8605,물가
8606,스턴
8607,운용
8608,시행
8609,오피스
8610,시그널
8611,마스터
8612,운용
8613,완공
8614,오피스
8615,스턴
8616,운용
8617,부동산
8618,지분
8619,대부분
8620,소유
8621,만큼
8622,매각
8623,성공
8624,차익
8625,기대
8626,투자은행
8627,IB
8628,업계
8629,스턴
8630,도산
8631,도산
8632,150
8633,유령
8634,충격
8635,근황
8636,딥데신사동은
8637,거리
8638,이곳
8639,물가
8640,물가
8641,버거워졌다는
8642,분석
8643,이은희
8644,인하대
8645,소비자학
8646,교수
8647,요즘
8648,청년
8649,물가
8650,배달
8651,와중
8652,물가
8653,스턴
8654,운용
8655,시행
8656,오피스
8657,시그널
8658,마스터
8659,운용
8660,완공
8661,오피스
8662,스턴
8663,운용
8664,부동산
8665,지분
8666,대부분
8667,소유
8668,만큼
8669,매각
8670,성공
8671,차익
8672,기대
8673,투자은행
8674,IB
8675,업계
8676,스턴
8677,도산
8678,도산
8679,150
8680,한미약품
8681,임종윤
8682,사실
8683,왜곡
8684,기사
8685,명예
8686,훼손
8687,3월
8688,주총
8689,당시
8690,국민연금
8691,신사동 가로수길
8692,임대차
8693,계약
8694,대가
8695,모녀
8696,지지
8697,의혹
8698,국민연금
8699,의결권
8700,행사
8701,의사
8702,결정 구조
8703,자체
8704,허무
8705,무지
8706,주장
8707,비판
8708,주장
8709,조계
8710,일부
8711,보도
8712,실제
8713,취재
8714,상권
8715,지각
8716,변동
8717,코로나
8718,19
8719,관광객
8720,감소
8721,타격
8722,명동
8723,경우
8724,중대형
8725,공실
8726,분기
8727,상권
8728,상권
8729,공실
8730,상권
8731,트렌디
8732,카페
8733,성장세
8734,상권
8735,지각
8736,변동
8737,고전
8738,코로나
8739,19
8740,관광객
8741,감소
8742,타격
8743,명동
8744,경우
8745,중대형
8746,공실
8747,작년
8748,분기
8749,상권
8750,상권
8751,공실
8752,상권
8753,트렌디
8754,카페
8755,성장세
8756,신사동 가로수길
8757,향기
8758,화장품
8759,브랜드
8760,스토어
8761,눈길
8762,피아
8763,향수
8764,브랜드
8765,이레
8766,지난달
8767,강남구
8768,이레
8769,스토어
8770,도산
8771,스토어
8772,매장
8773,이레
8774,스토어
8775,아페티토이탈리아
8776,대사
8777,교촌
8778,회장
8779,요리
8780,회장
8781,신사동 가로수길
8782,홍보
8783,페르디난도
8784,엘리
8785,주한
8786,무역
8787,공사
8788,관장
8789,주한
8790,상공회의소
8791,장과
8792,자재
8793,협력
8794,방안
8795,얘기
8796,교촌
8797,에프
8798,내년
8799,5월
8800,박람회
8801,밀라노
8802,명동
8803,외면
8804,리즈
8805,강남구
8806,신사동 가로수길
8807,이다
8808,년대
8809,임대차
8810,실태
8811,조사
8812,결과
8813,매출
8814,이하
8815,상권
8816,평균
8817,매출
8818,고려
8819,상권
8820,파워
8821,체감
8822,문제
8823,매출
8824,원동력
8825,소연
8826,신사동 가로수길
8827,포토
8828,여자
8829,아이들
8830,소연
8831,강남구
8832,패션
8833,브랜드
8834,행사
8835,참석
8836,이날
8837,행사
8838,오마이걸
8839,여자
8840,아이들
8841,소연
8842,아이린
8843,기은세
8844,참석
8845,소연
8846,동서울
8847,정환
8848,신사동 가로수길
8849,주민
8850,뜨개
8851,천원
8852,겨울철
8853,트리
8854,전시
8855,특색
8856,주민
8857,만족도
8858,자부심
8859,관광
8860,소인
8861,겨울철
8862,거리
8863,관광객
8864,눈길
8865,기대
8866,아페티토이탈리아
8867,대사
8868,교촌
8869,회장
8870,요리
8871,회장
8872,신사동 가로수길
8873,홍보
8874,페르디난도
8875,엘리
8876,주한
8877,무역
8878,공사
8879,관장
8880,주한
8881,상공회의소
8882,장과
8883,자재
8884,협력
8885,방안
8886,얘기
8887,교촌
8888,에프
8889,내년
8890,5월
8891,박람회
8892,밀라노
8893,명동
8894,외면
8895,리즈
8896,강남구
8897,신사동 가로수길
8898,이다
8899,년대
8900,임대차
8901,실태
8902,조사
8903,결과
8904,매출
8905,이하
8906,상권
8907,평균
8908,매출
8909,고려
8910,상권
8911,파워
8912,체감
8913,문제
8914,매출
8915,원동력
8916,소연
8917,신사동 가로수길
8918,포토
8919,여자
8920,아이들
8921,소연
8922,강남구
8923,패션
8924,브랜드
8925,행사
8926,참석
8927,이날
8928,행사
8929,오마이걸
8930,여자
8931,아이들
8932,소연
8933,아이린
8934,기은세
8935,참석
8936,소연
8937,동서울
8938,정환
8939,신사동 가로수길
8940,주민
8941,뜨개
8942,천원
8943,겨울철
8944,트리
8945,전시
8946,특색
8947,주민
8948,만족도
8949,자부심
8950,관광
8951,소인
8952,겨울철
8953,거리
8954,관광객
8955,눈길
8956,기대
8957,강호동
8958,이수근
8959,시세
8960,차익
8961,실제
8962,수익
8963,강호동
8964,지난달
8965,강남구
8966,신사동 가로수길
8967,상권
8968,코너
8969,건물
8970,매각
8971,건물
8972,대지
8973,건물
8974,강호동
8975,6월
8976,만원
8977,매입
8978,거래
8979,탈리다쿰
8980,신사동 가로수길
8981,공간
8982,티케이앤탈리다쿰은
8983,결합
8984,콘텐츠
8985,공간
8986,티케이
8987,TK
8988,환경
8989,존중
8990,추구
8991,탈리다쿰만의
8992,브랜드
8993,철학
8994,스토리
8995,전체
8996,공간
8997,레이블
8998,신사동 가로수길
8999,스토어
9000,매장
9001,2월 24일
9002,패션
9003,브랜드
9004,신사동 가로수길
9005,매장
9006,패션
9007,품질
9008,지속
9009,방법
9010,합리
9011,가격
9012,다라
9013,경영
9014,이념
9015,위치
9016,여성
9017,신사동 가로수길
9018,간판
9019,패션
9020,매장
9021,후아유
9022,라운드
9023,코너
9024,철수
9025,패션
9026,비중
9027,급감
9028,상권
9029,공실
9030,제로
9031,신사동 가로수길
9032,상권
9033,극단
9034,양극
9035,경향
9036,거리
9037,명성
9038,반면
9039,상권
9040,공실
9041,만큼
9042,활기
9043,미식
9044,아웃
9045,지형도
9046,업데이트
9047,편탭샵바가
9048,청계천
9049,종로
9050,직장인
9051,상권
9052,성공
9053,건너
9054,직영점
9055,에스콰이어
9056,인터뷰
9057,나기정
9058,영국
9059,와인
9060,석사
9061,취득
9062,아영
9063,실전
9064,와인
9065,출신
9066,선별
9067,수백
9068,종의
9069,와인
9070,와인
9071,아르켓
9072,스토어
9073,보헤미안
9074,심플
9075,노르딕
9076,아르켓ARKET이
9077,강남구
9078,신사동 가로수길
9079,스토어
9080,봄여름
9081,아르켓
9082,본연
9083,심플
9084,베이직
9085,라인
9086,준수
9087,가운데
9088,색감
9089,보헤미안
9090,추가
9091,이다
9092,전체
9093,자유
9094,편안
9095,아르켓
9096,스토어
9097,보헤미안
9098,심플
9099,노르딕
9100,아르켓ARKET이
9101,강남구
9102,신사동 가로수길
9103,스토어
9104,봄여름
9105,아르켓
9106,본연
9107,심플
9108,베이직
9109,라인
9110,준수
9111,가운데
9112,색감
9113,보헤미안
9114,추가
9115,이다
9116,전체
9117,자유
9118,편안
9119,르포
9120,하이트진로
9121,스토어
9122,신사동 가로수길
9123,소리
9124,탑승
9125,주인
9126,위스키
9127,취급
9128,선장
9129,윌리엄
9130,자신
9131,모습
9132,발견
9133,이다 역
9134,도보
9135,에어드랍스페이스
9136,공실
9137,신사동 가로수길
9138,강남구
9139,신사동 가로수길
9140,중앙
9141,매장
9142,임대
9143,안내문
9144,부동산
9145,컨설팅
9146,쿠시
9147,앤드
9148,웨이크필드
9149,공실
9150,분기
9151,295
9152,증가
9153,뉴스1
9154,티몬
9155,CJ
9156,푸드
9157,매장
9158,행사
9159,기간
9160,동안
9161,신사동 가로수길
9162,위치
9163,티몬
9164,카페
9165,툭TWUC에서
9166,오전
9167,행사장
9168,송년회
9169,크리스마스
9170,분위기
9171,고려
9172,비비고
9173,브랜드
9174,홈파티
9175,시식
9176,경품
9177,이벤트
9178,티몬
9179,특가
9180,혜택
9181,위기
9182,스카
9183,이데일리
9184,충수
9185,물가
9186,상승
9187,압박
9188,구매력
9189,유동
9190,인구
9191,증발
9192,가운데
9193,강남구
9194,신사동 가로수길
9195,임대
9196,안내판
9197,곳곳
9198,열린
9199,데이터
9200,광장
9201,1월
9202,주차
9203,시간대
9204,평균
9205,인구
9206,전년
9207,동기
9208,대비
9209,신사동 가로수길
9210,마구잡이
9211,제동
9212,신사동 가로수길
9213,특색
9214,유지
9215,마구잡이
9216,제한
9217,건축
9218,공동
9219,위원회
9220,강남구
9221,지구
9222,단위
9223,구역
9224,결정
9225,수정
9226,가결
9227,지하철
9228,3호선
9229,현대고등학교
9230,생방송
9231,투데이
9232,신사동 가로수길
9233,볼락
9234,파이
9235,맛집
9236,위치
9237,아주
9238,생방송
9239,투데이
9240,소개
9241,신사동 가로수길
9242,위치
9243,볼락
9244,파이
9245,맛집
9246,화제
9247,생방송
9248,투데이
9249,먹킷리스트
9250,코너
9251,붕어빵
9252,주제
9253,생방송
9254,투데이
9255,오늘
9256,맛집
9257,생방송
9258,투데이
9259,맛있GO
9260,제철
9261,새우
9262,뚝배기
9263,맛집
9264,크리스마스
9265,미식
9266,프렌치
9267,레스
9268,이스트
9269,신사
9270,르오뇽
9271,와일드
9272,플로어
9273,장충동
9274,이닝
9275,한남동
9276,뮤땅
9277,한남동
9278,앙티브
9279,신사
9280,38
9281,도산공원
9282,라미
9283,피아
9284,덱스터
9285,서래마을
9286,줄라이
9287,양재
9288,뀌송82cuisson82
9289,종로
9290,마이클
9291,이해
9292,비치
9293,테이블
9294,마포
9295,신사
9296,콜렉팅
9297,더블
9298,혜택
9299,패션
9300,브랜드
9301,신사동 가로수길
9302,매장
9303,로컬
9304,스토어
9305,여성
9306,남성복
9307,라운지
9308,공간
9309,지속
9310,제작
9311,인테리어
9312,특징
9313,랜드
9314,하루
9315,전날
9316,공식
9317,티몬
9318,신사동 가로수길
9319,상생
9320,스토어
9321,티몬
9322,신사동 가로수길
9323,파트너
9324,상생
9325,매장
9326,티몬
9327,티몬
9328,본사
9329,카페
9330,지갑
9331,가방
9332,패션
9333,구매
9334,스토어
9335,매장
9336,해외직구
9337,이태리
9338,브랜드
9339,구찌
9340,신사
9341,콜렉팅
9342,더블
9343,혜택
9344,패션
9345,브랜드
9346,신사동 가로수길
9347,매장
9348,로컬
9349,스토어
9350,여성
9351,남성복
9352,라운지
9353,공간
9354,지속
9355,제작
9356,인테리어
9357,특징
9358,랜드
9359,하루
9360,전날
9361,공식
9362,티몬
9363,신사동 가로수길
9364,상생
9365,스토어
9366,티몬
9367,신사동 가로수길
9368,파트너
9369,상생
9370,매장
9371,티몬
9372,티몬
9373,본사
9374,카페
9375,지갑
9376,가방
9377,패션
9378,구매
9379,스토어
9380,매장
9381,해외직구
9382,이태리
9383,브랜드
9384,구찌
9385,삼성물산
9386,패션
9387,스토어
9388,페스
9389,11월 6일
9390,12월 3일
9391,행사
9392,한남동
9393,신사동 가로수길
9394,스토어
9395,멤버
9396,스토어
9397,패션
9398,라이프
9399,SSF샵에서
9400,응모
9401,가방
9402,증정
9403,판타스틱
9404,럭셔리
9405,Fantastic
9406,포토
9407,강남구
9408,주민
9409,뜨개
9410,신사동 가로수길
9411,신사동 가로수길
9412,뜨개
9413,나무
9414,남구청
9415,강남구
9416,주민
9417,뜨개질
9418,트리
9419,니팅나무
9420,뜨개
9421,은행나무
9422,2월 24일
9423,전시
9424,신사동 가로수길
9425,티몬
9426,스토어
9427,티몬
9428,헤어
9429,보디
9430,용품
9431,향기
9432,브랜드
9433,티몬
9434,본사
9435,카페
9436,툭TWUC에서
9437,닷새
9438,오전
9439,채널
9440,브랜드
9441,기회
9442,고리
9443,아이템
9444,강남구
9445,토지
9446,지적
9447,관리
9448,우수
9449,가로
9450,구역
9451,지정
9452,강남구
9453,전국
9454,신사동 가로수길
9455,면적
9456,가로
9457,구역
9458,지정
9459,조치
9460,상업
9461,성 강
9462,주거
9463,일조권
9464,규제
9465,완화
9466,관광
9467,명소
9468,활성
9469,방안
9470,가로
9471,구역
9472,지정
9473,그동안
9474,일조권
9475,규제
9476,계단
9477,건물
9478,신축
9479,레페
9480,주최
9481,세미나
9482,12월 15일
9483,레페
9484,리가
9485,주최
9486,유튜브
9487,데이터
9488,인사이트
9489,세미나
9490,신사동 가로수길
9491,전시회
9492,부속
9493,여명
9494,업계
9495,참석
9496,가운데
9497,성황
9498,리에
9499,가량
9500,세미나
9501,아이돌
9502,출신
9503,스콘
9504,맛집
9505,카페
9506,사장
9507,근황
9508,보니
9509,편집
9510,자주
9511,신사동 가로수길
9512,분위기
9513,카페
9514,등장
9515,환상
9516,궁합
9517,자랑
9518,스콘
9519,매장
9520,테라스
9521,냄새
9522,참새
9523,짹짹
9524,소리
9525,녀석
9526,티본스테이크
9527,맛집
9528,문세윤
9529,김민경
9530,유민상
9531,홍윤화
9532,김태원
9533,인방
9534,스테이크
9535,맛집
9536,서교동
9537,수제
9538,우동
9539,맛집
9540,강남구
9541,압구정역
9542,거리
9543,위치
9544,티본스테이크
9545,맛집
9546,핫플레이스다
9547,지방
9548,숙성
9549,스테이크
9550,전문점
9551,등심
9552,택시
9553,어디
9554,이름
9555,강남구
9556,신사동 가로수길
9557,한국관광공사
9558,강남구
9559,신촌
9560,평리
9561,신새
9562,신촌
9563,우리말
9564,강나루
9565,나루터
9566,교통
9567,요충지
9568,이름
9569,나루터
9570,라고
9571,이름
9572,나루터
9573,근처
9574,택시
9575,어디
9576,이름
9577,강남구
9578,신사동 가로수길
9579,한국관광공사
9580,강남구
9581,신촌
9582,평리
9583,신새
9584,신촌
9585,우리말
9586,강나루
9587,나루터
9588,교통
9589,요충지
9590,이름
9591,나루터
9592,라고
9593,이름
9594,나루터
9595,근처
9596,강남구
9597,구간
9598,그루
9599,트리
9600,니팅Treeart
9601,치조
9602,장원
9603,트리
9604,전시
9605,주민
9606,구상
9607,설치
9608,특화
9609,주민
9610,선물
9611,겨울철
9612,명소
9613,사랑
9614,플로
9615,라운지
9616,매장
9617,신사
9618,플로
9619,라운지
9620,매장
9621,신사
9622,신사
9623,마곡
9624,매장
9625,플로
9626,라운지
9627,생화
9628,꽃다발
9629,생화
9630,꽃바구니
9631,식물
9632,프리저브드
9633,플라워
9634,관련
9635,디지털
9636,사인
9637,보드
9638,원산지
9639,르포
9640,파리
9641,월세
9642,만원
9643,건물
9644,코로나
9645,전만
9646,구경
9647,이제
9648,목적
9649,2시
9650,강남구
9651,에잇세컨즈
9652,재킷
9653,이수빈
9654,매장
9655,사이
9656,대부분
9657,탄식
9658,스파
9659,라운드
9660,코너
9661,홈파티
9662,티몬
9663,CJ제일제당
9664,티몬
9665,행사
9666,신사동 가로수길
9667,위치
9668,티몬
9669,카페
9670,아침
9671,스토어
9672,송년회
9673,크리스마스
9674,시기
9675,만큼
9676,비비고
9677,브랜드
9678,홈파티
9679,시식
9680,경품
9681,이벤트
9682,기간
9683,티몬
9684,건물
9685,상급
9686,서쪽
9687,핵심
9688,상권
9689,북쪽
9690,재건축
9691,추진
9692,압구정동
9693,업계
9694,매도자
9695,가구
9696,주택
9697,용도
9698,변경
9699,매각
9700,감안
9701,향후
9702,신축
9703,상업
9704,건물
9705,활용
9706,업계
9707,레페
9708,주최
9709,유튜브
9710,데이터
9711,인사이트
9712,세미나
9713,세미나
9714,신사동 가로수길
9715,전시회
9716,부속
9717,세미나
9718,레페
9719,리가
9720,산하
9721,부설
9722,연구소
9723,1년
9724,크리에이터
9725,영상
9726,전수
9727,조사
9728,각종
9729,트렌드
9730,크리에이터
9731,마케팅
9732,관광객
9733,명동
9734,상권
9735,부동산
9736,시세
9737,회복
9738,핫플레이스된
9739,신사
9740,임대료
9741,제자리
9742,내국인
9743,핫플레이스
9744,신사동 가로수길
9745,연남동
9746,관광객
9747,발길
9748,이곳
9749,방문객
9750,단체
9751,관광객
9752,가족
9753,단위
9754,관광객
9755,대부분
9756,중국인
9757,관광객
9758,비중
9759,삼성물산
9760,신사동 가로수길
9761,스토어
9762,강남구
9763,신사동 가로수길
9764,스토어
9765,구축
9766,브랜드
9767,상징
9768,로고
9769,남성
9770,여성
9771,액세서리
9772,남성
9773,레디
9774,액세서리
9775,힙스팟으로
9776,이곳
9777,부자
9778,영애
9779,리치
9780,관심
9781,까닭
9782,도산대로
9783,핵심
9784,상권
9785,무게
9786,추가
9787,거리
9788,신사
9789,도산
9790,상권
9791,도산
9792,힙스팟
9793,패션
9794,중심지
9795,도산공원
9796,주변
9797,사이
9798,패션
9799,중심지
9800,패션
9801,브랜드
9802,이자
9803,힙스팟으로
9804,이곳
9805,부자
9806,영애
9807,리치
9808,관심
9809,까닭
9810,도산대로
9811,핵심
9812,상권
9813,무게
9814,추가
9815,거리
9816,신사
9817,도산
9818,상권
9819,도산
9820,힙스팟
9821,패션
9822,중심지
9823,도산공원
9824,주변
9825,사이
9826,패션
9827,중심지
9828,패션
9829,브랜드
9830,이자
9831,플로
9832,라운지
9833,위치
9834,신사
9835,마곡
9836,매장
9837,플로
9838,라운지
9839,마곡
9840,위치
9841,신사
9842,플로
9843,라운지
9844,원산지
9845,꽃말
9846,정보
9847,투명
9848,플로
9849,라운지
9850,전용
9851,냉장고
9852,디지털
9853,사인
9854,보드
9855,정보
9856,확인
9857,임대료
9858,유부
9859,오늘
9860,시초
9861,이곳
9862,이유
9863,상권
9864,부진
9865,인해
9866,보이시
9867,공실
9868,문제
9869,골머리
9870,때문
9871,코로나
9872,19
9873,상권
9874,부진
9875,이곳
9876,그때
9877,상점
9878,권리금
9879,요즘
9880,누구
9881,가나
9882,핫플레이스서울
9883,강남구
9884,신사동 가로수길
9885,상권
9886,대로
9887,사이사이
9888,가게
9889,디어
9890,SNS
9891,소문
9892,맛집
9893,상권
9894,분석
9895,서비스
9896,유동
9897,인구
9898,데이터
9899,마리
9900,직영점
9901,마리
9902,신사
9903,스토어
9904,유동
9905,인구
9906,신사동 가로수길
9907,위치
9908,감각
9909,인테리어
9910,마리메꼬의
9911,가치
9912,콘셉추얼한
9913,공간
9914,형태
9915,신사동 가로수길
9916,붕괴
9917,위치
9918,붕괴
9919,스토어
9920,버스
9921,액션
9922,붕괴
9923,스토어
9924,위치
9925,옐로
9926,바스켓
9927,위치
9928,4월
9929,동안
9930,네이버
9931,예약
9932,예약
9933,제로
9934,이용
9935,건물
9936,매입
9937,강남구
9938,건물
9939,부동산
9940,업계
9941,4월
9942,강남구
9943,서쪽
9944,핵심
9945,상권
9946,북쪽
9947,재건축
9948,논의
9949,압구정 현대아파트
9950,위치
9951,매도자
9952,가구
9953,디아지오
9954,스토어
9955,신사동 가로수길
9956,한가운데
9957,휴양지
9958,프라이
9959,빌라
9960,여유
9961,공간
9962,픽업
9963,데일리
9964,공식
9965,스토어
9966,형태
9967,구매
9968,픽업
9969,공간
9970,인생
9971,포토
9972,미디어 파사드
9973,신사동 가로수길
9974,셀프
9975,화보
9976,민관
9977,강남구
9978,신사동 가로수길
9979,셀프
9980,화보
9981,민관
9982,이미지
9983,시대
9984,요즘
9985,인스타그램
9986,자신
9987,표현
9988,소통
9989,설명
9990,니나
9991,패션
9992,공실
9993,일산
9994,암울
9995,신사동 가로수길
9996,일산
9997,영업
9998,부진
9999,준공
10000,6년
10001,공실
10002,문제
10003,해결
10004,상인
10005,공사
10006,마무리
10007,개업
10008,영업
10009,여건
10010,코로나
10011,상권
10012,지적
10013,코로나
10014,포토
10015,변신
10016,딥티크
10017,향수
10018,로드
10019,강남구
10020,상권
10021,신사동 가로수길
10022,패션
10023,향수
10024,재구성
10025,거리
10026,코로나
10027,19
10028,여파
10029,상태
10030,공간
10031,반면
10032,압구정로
10033,향수
10034,브랜드
10035,스토어
10036,모습
10037,티몬
10038,신사동 가로수길
10039,사옥
10040,검토
10041,티몬
10042,거리
10043,구상이커머스
10044,티몬
10045,삼성역
10046,신사동 가로수길
10047,사옥
10048,검토
10049,젊음
10050,패션
10051,거리
10052,매장
10053,티몬
10054,조성하
10055,그림
10056,확인
10057,관련
10058,업계
10059,티몬
10060,사옥
10061,후보지
10062,미션
10063,고해
10064,포토
10065,영화
10066,10월 7일
10067,신사동 가로수길
10068,기숙학교
10069,컨저링
10070,유니버스
10071,주년
10072,기념
10073,영화
10074,루마니아
10075,수녀원
10076,사건
10077,수녀
10078,모습
10079,악마
10080,공포
10081,충격
10082,진실
10083,이야기
10084,9월
10085,디아지오
10086,아시아
10087,스토어
10088,디아지오
10089,강남구
10090,신사동 가로수길
10091,에어드랍스페이스에
10092,스토어
10093,내년
10094,4월
10095,개월
10096,스토어
10097,위스키
10098,관심
10099,급속도
10100,브랜드
10101,기회
10102,디아지오
10103,강남구
10104,신사동 가로수길
10105,구간
10106,은행나무
10107,남구청
10108,강남구
10109,구청장
10110,구간
10111,은행나무
10112,뜨개
10113,니팅Graffiti
10114,전시
10115,니팅은
10116,형형색색
10117,털실
10118,덮개
10119,이용한
10120,친환경
10121,거리
10122,주민
10123,딥티크
10124,신사
10125,스토어
10126,딥티크는
10127,신사동 가로수길
10128,스토어
10129,파리
10130,본점
10131,로마
10132,매장
10133,딥티크가
10134,매장
10135,단기
10136,임대
10137,등장
10138,강남구
10139,신사동 가로수길
10140,거리
10141,과거
10142,모습
10143,풍경
10144,일부
10145,스토어
10146,유명
10147,브랜드
10148,매장
10149,손님
10150,구경
10151,유명
10152,패션
10153,브랜드
10154,가게
10155,상권
10156,하나로
10157,르포
10158,콧대
10159,추락
10160,가게
10161,강남구
10162,신사동 가로수길
10163,거리
10164,과거
10165,모습
10166,풍경
10167,일부
10168,스토어
10169,유명
10170,브랜드
10171,매장
10172,손님
10173,구경
10174,한때
10175,유명
10176,패션
10177,브랜드
10178,가게
10179,상권
10180,하나로
10181,병원
10182,공실
10183,상황
10184,강남구
10185,위치
10186,상권
10187,공실
10188,폭탄
10189,지속
10190,최고
10191,상권
10192,몰락
10193,업종
10194,과거
10195,유행
10196,매장
10197,남은
10198,병원
10199,브랜드
10200,스토어
10201,부동산
10202,정보
10203,차량
10204,컨셉트
10205,신사동 가로수길
10206,강남구
10207,신사동 가로수길
10208,위치
10209,프로그레스
10210,브랜드
10211,전시
10212,행사
10213,일반
10214,전시
10215,누구
10216,프로그레스
10217,뮌헨
10218,국제
10219,모터쇼
10220,브랜드
10221,삼성물산
10222,패션
10223,키츠
10224,매장
10225,전용
10226,키츠
10227,10월
10228,강남구
10229,신사동 가로수길
10230,매장
10231,이자
10232,유일
10233,스토어
10234,키츠
10235,스토어
10236,카페
10237,키츠
10238,굿즈
10239,여성
10240,라인
10241,유니섹스
10242,캡슐
10243,라인
10244,파리
10245,삼성물산
10246,패션
10247,서머
10248,이벤트
10249,다수
10250,스토어
10251,추억
10252,9월
10253,강남구
10254,신사동 가로수길
10255,스토어
10256,남녀
10257,액세서리
10258,브랜드
10259,상징
10260,로고
10261,쭈꾸미도사
10262,신사
10263,오픈쭈꾸미도사가
10264,신사
10265,쭈꾸미
10266,도사
10267,매운맛
10268,도사
10269,슬로건
10270,쭈꾸미
10271,요리
10272,생방송
10273,오늘
10274,저녁
10275,생방송
10276,투데이
10277,다수
10278,매체
10279,소개
10280,양념
10281,포장
10282,납품
10283,시스템
10284,개선
10285,본사
10286,차원
10287,생활의 달인
10288,로마
10289,피자
10290,맛집
10291,위치
10292,이준상
10293,이준상
10294,달인
10295,로마
10296,피자
10297,맛집
10298,강남구
10299,거리
10300,위치
10301,이날
10302,이준상
10303,정통
10304,로마
10305,피자
10306,집중
10307,조명
10308,시청자
10309,침샘
10310,자극
10311,로마
10312,피자
10313,특징
10314,반죽
10315,스토어
10316,Made in
10317,전시
10318,편집
10319,신사동 가로수길
10320,위치
10321,홍보
10322,우리나라
10323,우호
10324,무역
10325,증진
10326,활동
10327,요리
10328,패션
10329,미술
10330,전시회
10331,와인
10332,클래스
10333,아페쎄
10334,파티
10335,행사
10336,내일
10337,강남구
10338,신사동 가로수길
10339,미드타운
10340,파티
10341,자메이카
10342,뮤지
10343,시스터
10344,낸시
10345,레게
10346,트랙
10347,이름
10348,아페쎄가
10349,음악
10350,역사
10351,상징
10352,파티
10353,디아지오
10354,스토어
10355,주류
10356,디아지오
10357,신사동 가로수길
10358,에어드랍THEBAR
10359,스토어
10360,공식
10361,내년
10362,4월
10363,개월
10364,디아지오
10365,스토어
10366,영국
10367,디아지오
10368,본사
10369,위치
10370,스토어
10371,삼성물산
10372,패션
10373,신사동 가로수길
10374,삼성물산
10375,패션
10376,브랜드
10377,처음
10378,강남구
10379,스토어
10380,보라
10381,꼬르소
10382,팀장
10383,키츠
10384,라이프
10385,브랜드
10386,유입
10387,패션
10388,성지
10389,위상
10390,야심
10391,신사동 가로수길
10392,준공
10393,6년
10394,공실
10395,문제
10396,해소
10397,부동산
10398,부동산플래닛에
10399,12월
10400,기준
10401,일산
10402,공실
10403,집계
10404,지금
10405,주차장
10406,입구
10407,주변
10408,모습
10409,분양
10410,딥티크
10411,신사동 가로수길
10412,스토어
10413,다신
10414,세계인
10415,딥티크는
10416,신사동 가로수길
10417,스토어
10418,파리
10419,본점
10420,로마
10421,매장
10422,딥티크가
10423,매장
10424,향수
10425,삼성물산
10426,패션
10427,스토어
10428,서머
10429,서머
10430,이벤트
10431,브랜드
10432,아이덴티티
10433,스토어
10434,추억
10435,9월
10436,강남구
10437,신사동 가로수길
10438,스토어
10439,남녀
10440,액세서리
10441,로고
10442,쭈꾸미도사
10443,신사
10444,오픈쭈꾸미도사가
10445,신사
10446,쭈꾸미
10447,도사
10448,매운맛
10449,도사
10450,슬로건
10451,쭈꾸미
10452,요리
10453,생방송
10454,오늘
10455,저녁
10456,생방송
10457,투데이
10458,다수
10459,매체
10460,소개
10461,양념
10462,포장
10463,납품
10464,시스템
10465,개선
10466,본사
10467,차원
10468,생활의 달인
10469,로마
10470,피자
10471,맛집
10472,위치
10473,이준상
10474,이준상
10475,달인
10476,로마
10477,피자
10478,맛집
10479,강남구
10480,거리
10481,위치
10482,이날
10483,이준상
10484,정통
10485,로마
10486,피자
10487,집중
10488,조명
10489,시청자
10490,침샘
10491,자극
10492,로마
10493,피자
10494,특징
10495,반죽
10496,스토어
10497,Made in
10498,전시
10499,편집
10500,신사동 가로수길
10501,위치
10502,홍보
10503,우리나라
10504,우호
10505,무역
10506,증진
10507,활동
10508,요리
10509,패션
10510,미술
10511,전시회
10512,와인
10513,클래스
10514,아페쎄
10515,파티
10516,행사
10517,내일
10518,강남구
10519,신사동 가로수길
10520,미드타운
10521,파티
10522,자메이카
10523,뮤지
10524,시스터
10525,낸시
10526,레게
10527,트랙
10528,이름
10529,아페쎄가
10530,음악
10531,역사
10532,상징
10533,파티
10534,디아지오
10535,스토어
10536,주류
10537,디아지오
10538,신사동 가로수길
10539,에어드랍THEBAR
10540,스토어
10541,공식
10542,내년
10543,4월
10544,개월
10545,디아지오
10546,스토어
10547,영국
10548,디아지오
10549,본사
10550,위치
10551,스토어
10552,삼성물산
10553,패션
10554,신사동 가로수길
10555,삼성물산
10556,패션
10557,브랜드
10558,처음
10559,강남구
10560,스토어
10561,보라
10562,꼬르소
10563,팀장
10564,키츠
10565,라이프
10566,브랜드
10567,유입
10568,패션
10569,성지
10570,위상
10571,야심
10572,신사동 가로수길
10573,준공
10574,6년
10575,공실
10576,문제
10577,해소
10578,부동산
10579,부동산플래닛에
10580,12월
10581,기준
10582,일산
10583,공실
10584,집계
10585,지금
10586,주차장
10587,입구
10588,주변
10589,모습
10590,분양
10591,딥티크
10592,신사동 가로수길
10593,스토어
10594,다신
10595,세계인
10596,딥티크는
10597,신사동 가로수길
10598,스토어
10599,파리
10600,본점
10601,로마
10602,매장
10603,딥티크가
10604,매장
10605,향수
10606,비마이펫
10607,삼색
10608,이리
10609,스토어
10610,신사동 가로수길
10611,위치
10612,옐로우바스켓에서
10613,비마이펫
10614,유튜브
10615,채널
10616,캐릭터
10617,삼색
10618,동이
10619,행사
10620,비마이펫은
10621,반려
10622,동물
10623,지식
10624,정보
10625,애니메이션
10626,형태
10627,유튜브
10628,채널
10629,구독자
10630,1억뷰의
10631,조회
